ISO,Year,Debt/GDP
ARE,2000,3.09265776465136
ARE,2001,2.68968848289814
ARE,2002,3.59459820892458
ARE,2003,4.40369045333119
ARE,2004,5.64005727376988
ARE,2005,6.63151356361156
ARE,2006,6.84153839437208
ARE,2007,7.852535719655
ARE,2008,12.530937358531
ARE,2009,24.0835908032556
ARE,2010,22.225315790994
ARE,2011,17.5516751380171
ARE,2012,17.0346405100082
ARE,2013,15.8202375218276
ARE,2014,15.5850459152944
ARE,2015,18.0762995817214
AFG,2002,280.979169489507
AFG,2003,273.47089276156
AFG,2004,243.437705404115
AFG,2005,204.033972048842
AFG,2006,23.0193701030313
AFG,2007,20.2399098780025
AFG,2008,18.369594029807
AFG,2009,16.7755643621567
AFG,2010,7.90155288257144
AFG,2011,7.13664867806312
AFG,2012,6.62524928528885
AFG,2013,6.74872467481724
AFG,2014,6.38030001837899
AFG,2015,6.24600667400587
ATG,2000,110.83755086541
ATG,2001,122.025010095682
ATG,2002,128.165042420024
ATG,2003,127.519056663837
ATG,2004,122.985105455756
ATG,2005,94.9901756540801
ATG,2006,90.8679283159625
ATG,2007,79.2016807041347
ATG,2008,77.2710306811794
ATG,2009,102.460057797386
ATG,2010,90.7818171506254
ATG,2011,92.4307310259598
ATG,2012,87.1474888218112
ATG,2013,94.2630905807603
ATG,2014,100.422125885386
ATG,2015,104.357530015991
AIA,2000,9.12634253101428
AIA,2001,10.5629598326683
AIA,2002,12.2454921327228
AIA,2003,11.6824900682558
AIA,2004,15.9891739779803
AIA,2005,17.4468300070816
AIA,2006,14.0355051696122
AIA,2007,14.0377065478481
AIA,2008,15.3957456404063
AIA,2009,25.1037012166566
AIA,2010,32.4965259243769
AIA,2011,29.2054477880673
AIA,2012,30.94138410248
AIA,2013,30.4221492262941
AIA,2014,24.1126303407107
AIA,2015,22.1470333477966
ALB,2000,64.5955146870606
ALB,2001,60.6127819495433
ALB,2002,64.0969155847757
ALB,2003,60.2445615257151
ALB,2004,57.4742708579674
ALB,2005,58.2033589749684
ALB,2006,56.6881062360714
ALB,2007,53.5503032317783
ALB,2008,55.139805550616
ALB,2009,59.6664597006975
ALB,2010,57.7195522335943
ALB,2011,59.4126254340503
ALB,2012,62.1444670684734
ALB,2013,70.3910631410021
ALB,2014,72.03800991918
ALB,2015,73.3213260586392
ARM,2000,37.9542
ARM,2001,36.2702
ARM,2002,36.6753
ARM,2003,33.1351
ARM,2004,28.9247
ARM,2005,20.8491
ARM,2006,18.0946
ARM,2007,14.2494993548176
ARM,2008,14.6309642779242
ARM,2009,34.1357880994289
ARM,2010,33.7411560020151
ARM,2011,35.6911279079664
ARM,2012,36.4768505038057
ARM,2013,37.9586563652166
ARM,2014,41.4472319048233
ARM,2015,46.8930484844894
AGO,2000,89.903
AGO,2001,80.1735
AGO,2002,72.972
AGO,2003,59.7706
AGO,2004,51.9537355917515
AGO,2005,35.7366342955068
AGO,2006,18.6965618556975
AGO,2007,16.0655643646405
AGO,2008,16.64651492299
AGO,2009,22.7096667826384
AGO,2010,44.2905074773269
AGO,2011,33.8008682866954
AGO,2012,29.4866609972182
AGO,2013,32.8741264896889
AGO,2014,40.6608971975564
AGO,2015,64.2387405069085
ARG,2000,42.0595725605832
ARG,2001,49.4355017030262
ARG,2002,152.111761096881
ARG,2003,128.561136322981
ARG,2004,117.116331513796
ARG,2005,66.9382125033265
ARG,2006,58.6221715344631
ARG,2007,50.8416972241923
ARG,2008,43.8529881338305
ARG,2009,53.8284165715329
ARG,2010,42.6235055943962
ARG,2011,38.0628683968671
ARG,2012,39.4338894163692
ARG,2013,42.195378799453
ARG,2014,43.5866743334442
ARG,2015,52.1309338338097
AUT,2000,66.554732084424
AUT,2001,67.3251371233254
AUT,2002,66.5909480797305
AUT,2003,65.7401041575737
AUT,2004,65.3724389015894
AUT,2005,68.3145118833623
AUT,2006,67.0441837600102
AUT,2007,64.8082199592062
AUT,2008,68.5176780089782
AUT,2009,79.7258308603112
AUT,2010,82.389797286404
AUT,2011,82.193134571319
AUT,2012,81.6244075571532
AUT,2013,80.7988644637933
AUT,2014,84.2537829233066
AUT,2015,86.1926755378667
AUS,2000,19.4584678198019
AUS,2001,17.0407898863993
AUS,2002,14.9539172267313
AUS,2003,13.150985945291
AUS,2004,11.8900167030708
AUS,2005,10.8932133184477
AUS,2006,9.96690172357924
AUS,2007,9.68267595882895
AUS,2008,11.7436487831102
AUS,2009,16.7465993226432
AUS,2010,20.4812912962656
AUS,2011,24.2005104541504
AUS,2012,27.7982376601335
AUS,2013,30.8291105169833
AUS,2014,34.3228304726287
AUS,2015,37.63774914205
AZE,2000,25.8308
AZE,2001,24.3873093507516
AZE,2002,23.0178120828033
AZE,2003,21.8282593490716
AZE,2004,19.997102060913
AZE,2005,13.4984879941989
AZE,2006,10.260771635833
AZE,2007,8.31125373800917
AZE,2008,7.29167783773712
AZE,2009,12.3947661590014
AZE,2010,12.5171500153067
AZE,2011,11.4256937956841
AZE,2012,13.9477768538658
AZE,2013,12.7496713280294
AZE,2014,11.1746143978927
AZE,2015,28.3157868731872
BIH,2000,34.6862860267257
BIH,2001,35.230081461111
BIH,2002,31.1981836125398
BIH,2003,27.6351883263971
BIH,2004,25.4865878129998
BIH,2005,25.5151523692696
BIH,2006,21.2453204737627
BIH,2007,18.7092255386902
BIH,2008,30.8853987089158
BIH,2009,35.0666031404676
BIH,2010,42.7516517024339
BIH,2011,42.6466646304876
BIH,2012,44.2517591708935
BIH,2013,43.495588970596
BIH,2014,44.02511842562
BIH,2015,44.7376723260863
BRB,2000,39.8524188250287
BRB,2001,46.3850338582628
BRB,2002,47.7258009636707
BRB,2003,48.033935710348
BRB,2004,48.9449506359681
BRB,2005,47.2667989097281
BRB,2006,49.1132923227991
BRB,2007,51.5533551147057
BRB,2008,53.9004196522712
BRB,2009,62.530298062
BRB,2010,69.6672071401797
BRB,2011,75.7395160397137
BRB,2012,83.742542473945
BRB,2013,94.1725250089479
BRB,2014,98.0710406234178
BRB,2015,105.482734507953
BGD,2000,50.759995271405
BGD,2001,52.2479112379102
BGD,2002,52.6301653065951
BGD,2003,42.0555687794602
BGD,2004,41.1501935693922
BGD,2005,39.8742699760498
BGD,2006,39.5580664755518
BGD,2007,39.1079144923656
BGD,2008,38.2494398987852
BGD,2009,37.1093635561748
BGD,2010,34.0899260205613
BGD,2011,32.8057419688481
BGD,2012,31.6655748489879
BGD,2013,32.5025042930785
BGD,2014,31.8307306342605
BGD,2015,31.6713936491498
BEL,2000,107.778508129341
BEL,2001,106.483373941025
BEL,2002,103.386580993898
BEL,2003,98.3636060777242
BEL,2004,94.0251572327044
BEL,2005,91.967637220492
BEL,2006,91.038109410305
BEL,2007,87.0212133299489
BEL,2008,92.528537766557
BEL,2009,99.5635944722922
BEL,2010,99.7103537245224
BEL,2011,102.336996246172
BEL,2012,104.115401590411
BEL,2013,105.186222703253
BEL,2014,106.5680505884
BEL,2015,106.052412391581
BFA,2000,53.7114
BFA,2001,52.7253
BFA,2002,48.6694077627874
BFA,2003,44.6189838308337
BFA,2004,45.835968261579
BFA,2005,44.0917275505446
BFA,2006,22.599496780442
BFA,2007,25.3306120465364
BFA,2008,25.1633018233673
BFA,2009,28.4941875406409
BFA,2010,29.3171839697356
BFA,2011,29.8035486735407
BFA,2012,28.3481786192572
BFA,2013,28.6927366681982
BFA,2014,30.2425321316126
BFA,2015,32.7976353873149
BGR,2001,67.288589157911
BGR,2002,53.542651170232
BGR,2003,45.579145816208
BGR,2004,37.8550677976809
BGR,2005,28.5170247027617
BGR,2006,22.6579886402069
BGR,2007,17.4569364515873
BGR,2008,14.6520701408095
BGR,2009,14.6078017648795
BGR,2010,14.275050417357
BGR,2011,14.5183188798211
BGR,2012,16.7683948459423
BGR,2013,17.2237859816111
BGR,2014,26.4343193725175
BGR,2015,26.297819361204
BHR,2000,25.743736096835
BHR,2001,26.0749305633146
BHR,2002,28.3774885990243
BHR,2003,32.4492788479888
BHR,2004,29.3943419135887
BHR,2005,24.1918185967743
BHR,2006,20.250049405625
BHR,2007,16.343551839735
BHR,2008,12.562008006372
BHR,2009,21.3609190284715
BHR,2010,29.7042572557456
BHR,2011,32.8003974121996
BHR,2012,36.2090513979285
BHR,2013,43.9409097299188
BHR,2014,44.392999892726
BHR,2015,61.8552116528634
BDI,2000,136.425112633168
BDI,2001,127.386668216573
BDI,2002,159.08831200243
BDI,2003,171.969259033714
BDI,2004,172.738335996189
BDI,2005,136.980118850166
BDI,2006,130.254850522941
BDI,2007,129.613245630715
BDI,2008,102.513812625571
BDI,2009,25.6881661611879
BDI,2010,46.9116532462445
BDI,2011,39.757628581761
BDI,2012,39.9298574796414
BDI,2013,36.555500514585
BDI,2014,33.8661681440272
BDI,2015,42.4452834185769
BEN,2000,65.1978
BEN,2001,64.2249
BEN,2002,63.3439
BEN,2003,51.5995
BEN,2004,47.8114
BEN,2005,42.2605
BEN,2006,17.2415
BEN,2008,25.0202226406513
BEN,2009,25.62204735378
BEN,2010,28.701506373117
BEN,2011,29.8761267321065
BEN,2012,26.8220047802181
BEN,2013,25.4155568093919
BEN,2014,30.8735832199178
BEN,2015,39.2993997321878
BRN,2001,2.91725
BRN,2002,1.96071
BRN,2003,0.98344
BRN,2004,0.406748
BRN,2005,0.318164
BRN,2006,0.98404
BRN,2007,0.694768
BRN,2008,0.939106773043098
BRN,2009,1.10994757758819
BRN,2010,1.11290752383854
BRN,2011,2.12852008472962
BRN,2012,2.10063678630127
BRN,2013,2.20860101763834
BRN,2014,2.30471355393278
BRN,2015,2.81263322673569
BOL,2000,60.6029
BOL,2001,52.7457
BOL,2002,60.9849
BOL,2003,67.6307
BOL,2004,67.4356
BOL,2005,80.374926931061
BOL,2006,55.230210499143
BOL,2007,40.5063742951011
BOL,2008,37.1546088692141
BOL,2009,39.9920255216283
BOL,2010,38.5204244337895
BOL,2011,34.6658943637399
BOL,2012,33.3360224111107
BOL,2013,32.4894747405246
BOL,2014,33.015098211619
BOL,2015,36.1554313930684
BRA,2000,68.4572
BRA,2001,70.0537035431034
BRA,2002,78.797735589593
BRA,2003,73.8229993461769
BRA,2004,70.0768827547608
BRA,2005,68.585171049981
BRA,2006,65.8451918549005
BRA,2007,63.7432046704168
BRA,2008,61.8679802006076
BRA,2009,64.9439204131118
BRA,2010,63.0449225180818
BRA,2011,61.2416771180575
BRA,2012,62.3101473379579
BRA,2013,60.3644234423679
BRA,2014,63.3140558174017
BRA,2015,73.6970948210385
BHS,2000,23.8814232996974
BHS,2001,23.245317762961
BHS,2002,24.0198620293188
BHS,2003,26.6173956588558
BHS,2004,27.3138569662593
BHS,2005,28.1350649215828
BHS,2006,29.0730595064521
BHS,2007,29.3454381536242
BHS,2008,32.4880405983035
BHS,2009,39.4450809547313
BHS,2010,42.997401884803
BHS,2011,45.0528977470769
BHS,2012,46.5017084419264
BHS,2013,55.0254443912045
BHS,2014,59.858166063245
BHS,2015,63.5773065346455
BTN,2000,47.0284
BTN,2001,54.2354704868025
BTN,2002,59.7838866827373
BTN,2003,74.6195742353864
BTN,2004,78.6163868763734
BTN,2005,84.5393695669495
BTN,2006,80.4428552268653
BTN,2007,67.0970280768165
BTN,2008,60.7837013286962
BTN,2009,61.9720275563106
BTN,2010,57.938170314505
BTN,2011,66.3624497820875
BTN,2012,76.2806861885134
BTN,2013,93.64183012083
BTN,2014,93.7711128124981
BTN,2015,94.8008015160626
BWA,2000,10.8659
BWA,2001,9.09813852098335
BWA,2002,8.47684565939172
BWA,2003,12.0743547814487
BWA,2004,9.37085927296862
BWA,2005,7.67139158499533
BWA,2006,6.44005427463507
BWA,2007,8.4786464282151
BWA,2008,7.61987609892279
BWA,2009,18.7518785120007
BWA,2010,19.9495556809555
BWA,2011,20.6736716481852
BWA,2012,19.4504907226519
BWA,2013,18.2203931120918
BWA,2014,17.7658334158091
BWA,2015,16.9770441206737
BLR,2000,11.865
BLR,2001,11.4182
BLR,2002,10.9488
BLR,2003,10.2749
BLR,2004,7.32668
BLR,2005,6.90569
BLR,2006,11.0937716830459
BLR,2007,18.3466541802132
BLR,2008,20.8042858869812
BLR,2009,26.0238512289428
BLR,2010,30.5732988555784
BLR,2011,34.9430679501154
BLR,2012,32.0400435047184
BLR,2013,34.4513128726735
BLR,2014,37.3316257523345
BLR,2015,53.7358788191399
BLZ,2000,75.8120889832991
BLZ,2001,87.334773416766
BLZ,2002,95.0158922216531
BLZ,2003,109.344024790152
BLZ,2004,103.374165962289
BLZ,2005,102.436491883242
BLZ,2006,95.6520959987268
BLZ,2007,91.6493394431367
BLZ,2008,83.844442825601
BLZ,2009,91.9049198073301
BLZ,2010,88.2644150813399
BLZ,2011,83.5030314898468
BLZ,2012,78.9712710192969
BLZ,2013,79.3770435441631
BLZ,2014,77.5607355165184
BLZ,2015,82.0819772908933
CAN,2000,80.705927175747
CAN,2001,81.750452650361
CAN,2002,79.8879652142331
CAN,2003,76.1808824176307
CAN,2004,72.1352816828403
CAN,2005,70.8678304169007
CAN,2006,70.1258605541992
CAN,2007,66.8440807050635
CAN,2008,67.8343153310832
CAN,2009,79.2833194565401
CAN,2010,81.097266760121
CAN,2011,81.5134686802405
CAN,2012,84.8399282864679
CAN,2013,86.0798554904283
CAN,2014,86.2013144163609
CAN,2015,91.4993183037461
COD,2000,134.982258562836
COD,2001,181.61712504777
COD,2002,136.041679875852
COD,2003,114.463919210477
COD,2004,141.762165503223
COD,2005,101.472351341106
COD,2006,104.302444159642
COD,2007,86.884890028181
COD,2008,90.5046189596267
COD,2009,93.1865264459964
COD,2010,31.9421314474431
COD,2011,26.2502462818708
COD,2012,23.1689567452282
COD,2013,19.1191243423599
COD,2014,16.8027858231792
COD,2015,18.8607291420835
CAF,2000,92.8391976913695
CAF,2001,103.339754966493
CAF,2002,100.52821213353
CAF,2003,102.657153588624
CAF,2004,103.927099553687
CAF,2005,108.770814287773
CAF,2006,49.212700091174
CAF,2007,49.4677338345115
CAF,2008,36.6267743459384
CAF,2009,21.0927740083591
CAF,2010,21.4300528248484
CAF,2011,21.8309596324684
CAF,2012,23.5184085135426
CAF,2013,38.5318161709941
CAF,2014,51.1474243280897
CAF,2015,48.4981716268494
COG,2000,163.223424209378
COG,2001,195.784395133477
COG,2002,180.289277400352
COG,2003,204.371985431637
COG,2004,198.679385424169
COG,2005,108.271475509537
COG,2006,98.8155442369349
COG,2007,97.9566452559863
COG,2008,68.0629163093694
COG,2009,61.6256244444018
COG,2010,22.8884101533775
COG,2011,33.0873793614395
COG,2012,34.1414235318237
COG,2013,38.1836925207898
COG,2014,47.5114142636078
COG,2015,70.5928214796384
CHE,2000,54.5631931436234
CHE,2001,53.5386423941274
CHE,2002,60.3475995601935
CHE,2003,59.4474273701248
CHE,2004,60.7680805982618
CHE,2005,58.256448541204
CHE,2006,51.6669780168441
CHE,2007,49.5263954948369
CHE,2008,49.3975828531467
CHE,2009,47.3368469098084
CHE,2010,46.1319735975155
CHE,2011,46.0271815637004
CHE,2012,46.6317637581022
CHE,2013,46.352315609622
CHE,2014,45.6611298832054
CHE,2015,45.6563528843152
CIV,2000,98.3958
CIV,2001,91.7739
CIV,2002,88.9084
CIV,2003,79.6571
CIV,2004,78.3997627316146
CIV,2005,80.3989859399265
CIV,2006,79.4406094836671
CIV,2007,73.9971303492096
CIV,2008,70.8279806363646
CIV,2009,64.242337212912
CIV,2010,63.0484013527928
CIV,2011,69.1534607078848
CIV,2012,45.040953925849
CIV,2013,43.3597539184801
CIV,2014,46.5335172395448
CIV,2015,48.8689711617576
CHL,2000,13.1908337634854
CHL,2001,14.3948304598851
CHL,2002,15.0865970780362
CHL,2003,12.6407207964036
CHL,2004,10.2943714326824
CHL,2005,6.99715090003837
CHL,2006,4.99388633635392
CHL,2007,3.88988749089032
CHL,2008,4.91893468842246
CHL,2009,5.83473058284382
CHL,2010,8.60053740155804
CHL,2011,11.1525253661564
CHL,2012,12.0294257401151
CHL,2013,12.7908689714649
CHL,2014,15.0592432497123
CHL,2015,17.5397046382069
CMR,2000,91.9977
CMR,2001,92.7798
CMR,2002,85.9378
CMR,2003,60.2677882454101
CMR,2004,61.6217438130306
CMR,2005,51.5456743775817
CMR,2006,15.8627496972129
CMR,2007,11.9564715117081
CMR,2008,9.71500979461565
CMR,2009,10.0920723420925
CMR,2010,11.5272433120148
CMR,2011,13.2446506032736
CMR,2012,15.4286937043971
CMR,2013,18.6574574261594
CMR,2014,27.5433511672387
CMR,2015,29.0148170931743
CHN,2000,22.8089333684925
CHN,2001,24.3842425951406
CHN,2002,25.7109592211718
CHN,2003,26.5740068842788
CHN,2004,26.1683665960703
CHN,2005,26.0984784775641
CHN,2006,25.3819473053517
CHN,2007,29.0355432523223
CHN,2008,27.0002058697859
CHN,2009,32.5567175430411
CHN,2010,33.0897958631988
CHN,2011,33.0862095544953
CHN,2012,34.0214597623741
CHN,2013,36.9283752959174
CHN,2014,39.830932080445
CHN,2015,42.9192832514333
COL,2000,44.2208940871643
COL,2001,40.829694200559
COL,2002,47.2382030992589
COL,2003,44.7485804189778
COL,2004,41.2140953098638
COL,2005,38.2835084344427
COL,2006,35.7542406926444
COL,2007,32.4688198940172
COL,2008,32.1441141660426
COL,2009,35.1712798918141
COL,2010,36.4391721785691
COL,2011,35.7331702561102
COL,2012,34.0825030491228
COL,2013,37.7825220133507
COL,2014,44.2024838113685
COL,2015,50.5692633530993
CRI,2000,35.6547465215648
CRI,2001,37.6367779790155
CRI,2002,39.7556136165625
CRI,2003,38.9872377332482
CRI,2004,39.9995308339452
CRI,2005,36.5243415964984
CRI,2006,32.47036106394
CRI,2007,26.8567221127114
CRI,2008,24.1574591593111
CRI,2009,26.5458625187528
CRI,2010,28.4072290067304
CRI,2011,29.8326355668154
CRI,2012,34.2919296364282
CRI,2013,36.0437236089385
CRI,2014,39.2611689430031
CRI,2015,42.3759426718843
CPV,2000,84.9156
CPV,2001,88.9464
CPV,2002,92.7254
CPV,2003,83.4558
CPV,2004,77.5686
CPV,2005,74.9176
CPV,2007,64.9809576274891
CPV,2008,57.4222023091781
CPV,2009,65.1745889328225
CPV,2010,72.4295025265568
CPV,2011,78.8142322387042
CPV,2012,91.1113284573993
CPV,2013,99.9806761132474
CPV,2014,110.32156973293
CPV,2015,120.541924759627
CYP,2000,56.2618577824998
CYP,2001,57.8741441147701
CYP,2002,61.3741466637305
CYP,2003,63.4146914789422
CYP,2004,65.1066673446114
CYP,2005,64.4293433986857
CYP,2006,59.4818248230345
CYP,2007,53.5675025467772
CYP,2008,44.5659334820954
CYP,2009,53.3726862998653
CYP,2010,56.3327753949158
CYP,2011,65.8370508308095
CYP,2012,79.259635930309
CYP,2013,102.51430975499
CYP,2014,108.194393340079
CYP,2015,108.868185549375
CZE,2000,18.5011331266355
CZE,2001,24.8337700298885
CZE,2002,28.1932957371878
CZE,2003,29.8046614192046
CZE,2004,30.1580311295535
CZE,2005,29.6907753737667
CZE,2006,27.9108479266956
CZE,2007,27.8068718799087
CZE,2008,28.6582277093929
CZE,2009,34.0575706169599
CZE,2010,38.1550622449984
CZE,2011,39.8262165153808
CZE,2012,44.4696584556513
CZE,2013,44.9086021715281
CZE,2014,42.169378242654
CZE,2015,40.3144063768288
DEU,2000,58.7576542183248
DEU,2001,57.5823565841686
DEU,2002,59.2195682775914
DEU,2003,62.9207506035819
DEU,2004,64.6893799931296
DEU,2005,66.9093730170458
DEU,2006,66.3334795779797
DEU,2007,63.5422941792037
DEU,2008,64.9260658770992
DEU,2009,72.4302518412538
DEU,2010,81.0037751060053
DEU,2011,78.3106928290272
DEU,2012,79.5159992168976
DEU,2013,77.0575039628623
DEU,2014,74.4797242068039
DEU,2015,70.9881562374292
DJI,2000,45.771
DJI,2001,44.0371
DJI,2002,54.0606
DJI,2003,61.7153
DJI,2004,65.3494720574793
DJI,2005,60.3608074940381
DJI,2006,58.3925929623857
DJI,2007,56.6846845003916
DJI,2008,59.3088692796031
DJI,2009,59.5356168394994
DJI,2010,51.9203398447757
DJI,2011,45.1763746461953
DJI,2012,43.3020527232024
DJI,2013,42.4081069023717
DJI,2014,43.1813138902551
DJI,2015,39.4800302158314
DNK,2000,52.3543025869859
DNK,2001,48.5083038892445
DNK,2002,49.0809574323251
DNK,2003,46.1500983816959
DNK,2004,44.1787988748504
DNK,2005,37.3991908162243
DNK,2006,31.5408916785621
DNK,2007,27.3393803355902
DNK,2008,33.3859050060471
DNK,2009,40.3676318314797
DNK,2010,42.8785954783815
DNK,2011,46.4088656946314
DNK,2012,45.189325973401
DNK,2013,44.6508808160045
DNK,2014,44.7651169782105
DNK,2015,45.5274569130736
DMA,2000,69.5530520217281
DMA,2001,97.4902913063665
DMA,2002,99.3603554580175
DMA,2003,98.2200766652556
DMA,2004,85.8177502284478
DMA,2005,84.9350683947869
DMA,2006,80.4467913476959
DMA,2007,74.9001743881683
DMA,2008,66.5273919878815
DMA,2009,62.8104586328504
DMA,2010,67.3159425681298
DMA,2011,68.6408836383957
DMA,2012,74.0457813364294
DMA,2013,75.7644572548529
DMA,2014,81.3102865702125
DMA,2015,83.024827271594
DOM,2000,19.2969
DOM,2001,21.5674
DOM,2002,23.8147
DOM,2003,34.1077261238625
DOM,2004,22.500052190899
DOM,2005,21.2896871000883
DOM,2006,19.424005159686
DOM,2007,17.5189032300445
DOM,2008,19.6033863774288
DOM,2009,22.7292357769997
DOM,2010,23.753158471303
DOM,2011,25.7495247618156
DOM,2012,30.4635831839846
DOM,2013,34.6043450700678
DOM,2014,34.3833065107252
DOM,2015,34.9399481183103
DZA,2000,61.2543
DZA,2001,59.8002
DZA,2002,59.4001
DZA,2003,50.6477
DZA,2004,39.3408
DZA,2005,28.5524
DZA,2006,24.303
DZA,2007,13.6137
DZA,2008,8.38715104494828
DZA,2009,10.1639625055042
DZA,2010,10.8749264585313
DZA,2011,9.48904545406045
DZA,2012,9.49109328161897
DZA,2013,7.74417899003274
DZA,2014,7.95568436205647
DZA,2015,9.06029118483597
ECU,2000,82.6136
ECU,2001,62.3015508871797
ECU,2002,52.520849748038
ECU,2003,44.8709406349283
ECU,2004,39.7562737261367
ECU,2005,35.0218031768552
ECU,2006,28.8286965072872
ECU,2007,27.1969754565662
ECU,2008,22.2368394923727
ECU,2009,17.7186640616205
ECU,2010,19.6761095098384
ECU,2011,19.4304204898304
ECU,2012,21.6095894679875
ECU,2013,25.9046646430216
ECU,2014,31.1836162360629
ECU,2015,33.8328367728135
EST,2000,5.11443350502338
EST,2001,4.77899135904179
EST,2002,5.69731216017122
EST,2003,5.62299894524849
EST,2004,5.06198354556614
EST,2005,4.54880619542609
EST,2006,4.40403021346656
EST,2007,3.66358146368857
EST,2008,4.48681878469679
EST,2009,7.03809946770096
EST,2010,6.55027318362389
EST,2011,5.91325686553061
EST,2012,9.51570361283453
EST,2013,9.93486815923506
EST,2014,10.3713551786046
EST,2015,9.74101304551402
EGY,2000,66.7629
EGY,2001,74.3322
EGY,2003,97.0948642614078
EGY,2004,96.511849146413
EGY,2005,98.262557395101
EGY,2006,85.9242287836723
EGY,2007,76.2675574326234
EGY,2008,66.7606146647392
EGY,2009,69.4500384143835
EGY,2010,69.58954105574
EGY,2011,72.8299756288318
EGY,2012,74.6059398768562
EGY,2013,84.7770365549409
EGY,2014,86.2646177268186
EGY,2015,88.9712733558318
ERI,2000,185.707
ERI,2001,167.135
ERI,2002,190.459
ERI,2004,86.7956888160664
ERI,2005,158.913372783326
ERI,2006,154.322208118677
ERI,2007,156.655744687763
ERI,2008,174.915002829699
ERI,2009,144.602289049307
ERI,2010,143.764135175042
ERI,2011,133.013774104293
ERI,2012,127.613711448423
ERI,2013,128.383175434806
ERI,2014,126.494672363153
ERI,2015,127.126381922791
ESP,2000,57.9585677369439
ESP,2001,54.1627241511419
ESP,2002,51.2680500688654
ESP,2003,47.6401218710795
ESP,2004,45.2610734601008
ESP,2005,42.2838452081851
ESP,2006,38.906585586533
ESP,2007,35.5103594813875
ESP,2008,39.3987242509678
ESP,2009,52.7045727011382
ESP,2010,60.0657865156585
ESP,2011,69.4619949496129
ESP,2012,85.4108429414156
ESP,2013,93.6746787462474
ESP,2014,99.2870917054055
ESP,2015,99.2599490376345
ETH,2000,93.632600639422
ETH,2001,97.3247575337947
ETH,2002,107.36696127831
ETH,2003,112.721327872831
ETH,2004,103.104112563608
ETH,2005,78.2387845280465
ETH,2006,69.9499303386898
ETH,2007,46.3889961062371
ETH,2008,41.3874385633951
ETH,2009,37.5590993565559
ETH,2010,40.5298396762309
ETH,2011,43.982898194632
ETH,2012,36.9250486427955
ETH,2013,42.4149874038079
ETH,2014,46.3024499047998
ETH,2015,56.0503876714166
FIN,2000,42.4861112130397
FIN,2001,40.9465718617806
FIN,2002,40.1695338157247
FIN,2003,42.7382908114456
FIN,2004,42.647829022508
FIN,2005,39.9374646413646
FIN,2006,38.0594853256399
FIN,2007,33.9926740807483
FIN,2008,32.6537424342569
FIN,2009,41.6960216356625
FIN,2010,47.1191293462445
FIN,2011,48.50428000692
FIN,2012,52.8881847746533
FIN,2013,55.4282254211328
FIN,2014,59.3008954864645
FIN,2015,62.5135625830499
FJI,2000,40.0002399020753
FJI,2001,44.4516296152632
FJI,2002,46.9975795216714
FJI,2003,48.588434572335
FJI,2004,48.2422457619051
FJI,2005,47.6519027325302
FJI,2006,57.9120607503302
FJI,2007,49.8764123488803
FJI,2008,51.416766104472
FJI,2009,55.7970110970592
FJI,2010,56.158289622203
FJI,2011,52.6320455049125
FJI,2012,51.6805719422439
FJI,2013,49.5062575226164
FJI,2014,47.7405324509815
FJI,2015,48.0878643674376
FSM,2000,27.1086601354509
FSM,2001,23.8163504231456
FSM,2002,24.1691183529257
FSM,2003,24.7379162284341
FSM,2004,25.4443764236711
FSM,2005,24.7632881337398
FSM,2006,25.0687106841658
FSM,2007,25.7279491138312
FSM,2008,28.2727976967625
FSM,2009,31.0189496722089
FSM,2010,29.2370420715382
FSM,2011,28.9331867498578
FSM,2012,27.7102466441886
FSM,2013,26.9842576362935
FSM,2014,26.0838827390356
FSM,2015,26.3457412136507
FRA,2000,58.6546987382372
FRA,2001,58.1563598767083
FRA,2002,60.078067616366
FRA,2003,64.2100647474897
FRA,2004,65.7368654866843
FRA,2005,67.2073806785412
FRA,2006,64.448349860004
FRA,2007,64.4045495896015
FRA,2008,68.0612270461207
FRA,2009,78.998791655772
FRA,2010,81.6970489086461
FRA,2011,85.2092280617924
FRA,2012,89.5813896879098
FRA,2013,92.3954358243163
FRA,2014,95.3427253916421
FRA,2015,96.1411494573291
GAB,2000,72.4969069578219
GAB,2001,80.9794372208893
GAB,2002,81.0700615664583
GAB,2003,70.2410286295735
GAB,2004,60.3012686046525
GAB,2005,49.3263386785201
GAB,2006,39.5978148598338
GAB,2007,39.6926689071488
GAB,2008,16.9302686817995
GAB,2009,23.0902587261884
GAB,2010,20.5090145269307
GAB,2011,17.8532346614216
GAB,2012,19.6986918909608
GAB,2013,29.237642910719
GAB,2014,32.1606012793258
GAB,2015,43.9935625393447
GBR,2000,36.980357362589
GBR,2001,34.3043526760815
GBR,2002,34.2348795721152
GBR,2003,35.7559948134692
GBR,2004,38.6611274345262
GBR,2005,40.013715541695
GBR,2006,41.0167595923179
GBR,2007,42.2101522643691
GBR,2008,50.2670285861869
GBR,2009,64.2034434624429
GBR,2010,75.7370556186917
GBR,2011,81.3242734330954
GBR,2012,84.817533151368
GBR,2013,85.9951033679148
GBR,2014,87.9353408542206
GBR,2015,88.9843599563534
GRD,2000,41.6261354022447
GRD,2001,44.6076608954799
GRD,2002,79.08961866888
GRD,2003,79.5618679407081
GRD,2004,94.6936068390376
GRD,2005,87.3123512997662
GRD,2006,92.9233739962039
GRD,2007,89.056421562433
GRD,2008,83.913052635019
GRD,2009,91.093889544337
GRD,2010,96.9368001368517
GRD,2011,100.688990279884
GRD,2012,103.337572360474
GRD,2013,107.591396165147
GRD,2014,101.388902516584
GRD,2015,91.4207539071514
GEO,2000,54.7815
GEO,2001,52.2527
GEO,2002,53.2382
GEO,2003,49.0143
GEO,2004,50.5
GEO,2005,40
GEO,2006,32
GEO,2007,25.5
GEO,2008,31.2
GEO,2009,41
GEO,2010,42.4
GEO,2011,36.5
GEO,2012,34.9
GEO,2013,34.7
GEO,2014,35.4999999999999
GEO,2015,41.497961959452
GHA,2000,111.945355966633
GHA,2001,87.2226372667969
GHA,2002,81.8610009628049
GHA,2003,74.5513482203253
GHA,2004,57.8176341737684
GHA,2005,47.990014925106
GHA,2006,26.2160286651467
GHA,2007,31.0436438411322
GHA,2008,33.5927321180631
GHA,2009,36.0872939926246
GHA,2010,46.2590062489879
GHA,2011,42.6094415922794
GHA,2012,50.0994197387242
GHA,2013,60.2921694532408
GHA,2014,72.1496556437182
GHA,2015,70.8188352393622
GMB,2000,123.408
GMB,2001,124.436
GMB,2002,156.01405897287
GMB,2003,152.389413251318
GMB,2004,135.119920416461
GMB,2005,135.994900968287
GMB,2006,140.551312106974
GMB,2007,60.908511235545
GMB,2008,63.9219212924693
GMB,2009,62.5832855628846
GMB,2010,69.6386140445989
GMB,2011,77.2743367887552
GMB,2012,76.9552930155949
GMB,2013,83.3231247647015
GMB,2014,101.141366109661
GMB,2015,91.6370149673738
GIN,2000,123.363948006844
GIN,2001,121.654491587673
GIN,2002,112.631101904662
GIN,2003,112.639608663742
GIN,2004,119.755043286553
GIN,2005,150.230892472193
GIN,2006,137.071082368712
GIN,2007,92.3830918697764
GIN,2008,90.1578402528749
GIN,2009,89.3250605875429
GIN,2010,99.6382916444757
GIN,2011,77.9567750736167
GIN,2012,35.4323464608053
GIN,2013,45.7338419047769
GIN,2014,45.3781281556963
GIN,2015,53.018669651255
GNQ,2000,30.8795605062393
GNQ,2001,22.2513013576204
GNQ,2002,16.9295245395682
GNQ,2003,7.65681603332329
GNQ,2004,4.61426640241132
GNQ,2005,2.5474300500214
GNQ,2006,1.19743281526268
GNQ,2007,0.734705041508211
GNQ,2008,0.47440794553359
GNQ,2009,4.31980978384514
GNQ,2010,7.86855026492807
GNQ,2011,5.86253645327955
GNQ,2012,7.29304511707305
GNQ,2013,6.14311933657062
GNQ,2014,8.66857501400331
GNQ,2015,13.9795850994069
GRC,2000,104.934618080384
GRC,2001,107.081093867038
GRC,2002,104.862933666134
GRC,2003,101.456080042481
GRC,2004,102.870181089843
GRC,2005,107.392015739653
GRC,2006,103.573821960691
GRC,2007,103.102774017491
GRC,2008,109.415678333815
GRC,2009,126.744802849276
GRC,2010,146.249850684198
GRC,2011,172.096179762256
GRC,2012,159.564653459133
GRC,2013,177.677131088924
GRC,2014,180.062964986286
GRC,2015,176.938241025321
GTM,2000,19.0146396885847
GTM,2001,20.1872004430598
GTM,2002,18.3501292007473
GTM,2003,20.8918765840241
GTM,2004,21.4246635537765
GTM,2005,20.7573803753039
GTM,2006,21.6507820122319
GTM,2007,21.3393716198933
GTM,2008,20.1263425209068
GTM,2009,22.9177760683407
GTM,2010,24.1069405827519
GTM,2011,23.6658213176644
GTM,2012,24.3276332894227
GTM,2013,24.6194765742759
GTM,2014,24.2831813907284
GTM,2015,24.1958336444939
GNB,2000,344.374
GNB,2001,328.788
GNB,2002,338.371
GNB,2003,314.813
GNB,2004,284.369
GNB,2005,232.093
GNB,2006,204.043916309473
GNB,2007,177.303234636189
GNB,2008,163.39990171209
GNB,2009,159.168155933987
GNB,2010,62.905519784433
GNB,2011,49.4705187117658
GNB,2012,52.141256592879
GNB,2013,53.5639554411411
GNB,2014,50.4466638075295
GNB,2015,52.8999635839072
GUY,2000,232.975
GUY,2001,129.660147860275
GUY,2002,133.745500529482
GUY,2003,121.250912078773
GUY,2004,118.643901505029
GUY,2005,116.074877703689
GUY,2006,94.1567204973199
GUY,2007,59.8845561503978
GUY,2008,61.64753100305
GUY,2009,64.813731839128
GUY,2010,65.2989239534245
GUY,2011,65.1619851416238
GUY,2012,62.4754850889719
GUY,2013,57.2328636260592
GUY,2014,51.2116345925185
GUY,2015,48.1989735890342
HKG,2001,25.2112187789049
HKG,2002,27.2354972482156
HKG,2003,29.2571074801718
HKG,2004,30.8097731954692
HKG,2005,1.41630521377357
HKG,2006,1.16073946753655
HKG,2007,1.0570914175081
HKG,2008,0.863842088494912
HKG,2009,0.678019219584811
HKG,2010,0.633327553632992
HKG,2011,0.58156666304803
HKG,2012,0.552266772832795
HKG,2013,0.526190242328146
HKG,2014,0.0664241447337831
HKG,2015,0.0625749856911866
HND,2000,63.7005
HND,2001,61.4072
HND,2002,63.5414
HND,2003,66.2897
HND,2004,63.498
HND,2005,57.2245436605628
HND,2006,40.3429404822788
HND,2007,24.7211375371665
HND,2008,22.9733250639088
HND,2009,27.5099780294019
HND,2010,30.6630927599855
HND,2011,32.133975012881
HND,2012,35.1810293138264
HND,2013,45.7107472679462
HND,2014,46.4627509100189
HND,2015,46.8051871037873
HRV,2000,48.4131
HRV,2001,48.2109
HRV,2002,48.6558
HRV,2003,47.424
HRV,2004,42.5291
HRV,2005,40.6882017949518
HRV,2006,38.2773904094934
HRV,2007,37.060422649527
HRV,2008,38.8675381451601
HRV,2009,48.0234513656698
HRV,2010,56.9823847969992
HRV,2011,63.7120512828222
HRV,2012,70.677397293437
HRV,2013,82.1847351392552
HRV,2014,86.5278042081963
HRV,2015,86.6704346585035
HTI,2000,55.2458160538412
HTI,2001,49.5110590278068
HTI,2002,54.2792485118146
HTI,2003,61.9698522520917
HTI,2004,49.8970159271742
HTI,2005,47.159168647278
HTI,2006,39.1139469198139
HTI,2007,34.5134303572511
HTI,2008,38.0054165003842
HTI,2009,27.7784335112354
HTI,2010,17.3407921883104
HTI,2011,11.807054603707
HTI,2012,16.3455142424399
HTI,2013,21.4596869166434
HTI,2014,26.2614151946545
HTI,2015,30.1028257891819
HUN,2000,55.1416614896205
HUN,2001,51.7425564494378
HUN,2002,54.9941226424875
HUN,2003,57.6020541563176
HUN,2004,58.5187076448641
HUN,2005,60.4862906960177
HUN,2006,64.6739216440896
HUN,2007,65.615688007831
HUN,2008,71.6474206874259
HUN,2009,77.9584861398317
HUN,2010,80.5818304546166
HUN,2011,80.759531248967
HUN,2012,78.2944596438808
HUN,2013,76.7545024522697
HUN,2014,76.1790970732884
HUN,2015,75.3258787954025
IDN,2000,87.437298742237
IDN,2001,73.7021149501112
IDN,2002,62.3393810350656
IDN,2003,55.6426916280537
IDN,2004,51.328172495401
IDN,2005,42.611727208196
IDN,2006,35.8477340869901
IDN,2007,32.3333333488476
IDN,2008,30.2520374602258
IDN,2009,26.4831257407831
IDN,2010,24.524582718246
IDN,2011,23.1060177539408
IDN,2012,22.9603974927413
IDN,2013,24.8467075781672
IDN,2014,24.6954866425714
IDN,2015,27.3042609243347
IRL,2000,37.7760621623173
IRL,2001,35.4951893432036
IRL,2002,32.1244451829435
IRL,2003,30.938189189415
IRL,2004,29.6273459968396
IRL,2005,27.353564682007
IRL,2006,24.807884267188
IRL,2007,25.0083066569453
IRL,2008,44.3419677782019
IRL,2009,61.6762126997596
IRL,2010,86.2993944615974
IRL,2011,109.612873403825
IRL,2012,119.477223846968
IRL,2013,119.471280568673
IRL,2014,105.246945537378
IRL,2015,78.6763872329613
ISR,2000,84.4000015258789
ISR,2001,88.9000015258789
ISR,2002,96.5999984741211
ISR,2003,92.9788344105927
ISR,2004,91.3078163064153
ISR,2005,88.1517966492995
ISR,2006,80.0907755740199
ISR,2007,73.0447098557791
ISR,2008,71.8727654312702
ISR,2009,74.5931611078333
ISR,2010,70.6869151232996
ISR,2011,68.8230105054933
ISR,2012,68.3291710328042
ISR,2013,66.9539543442977
ISR,2014,66.0187952705871
ISR,2015,64.0823049935167
IND,2000,73.6489950770931
IND,2001,78.7284696774848
IND,2002,82.849967883263
IND,2003,84.2430372808561
IND,2004,83.288599671402
IND,2005,80.8936774562291
IND,2006,77.1083133497216
IND,2007,74.026517958065
IND,2008,74.5361363598257
IND,2009,72.5266065943379
IND,2010,67.4576345771905
IND,2011,69.6428447225516
IND,2012,69.0725241601634
IND,2013,67.9597324080349
IND,2014,68.3262697216014
IND,2015,69.0699759503657
IRQ,2004,342.665626392794
IRQ,2005,226.406505099874
IRQ,2006,157.909383567033
IRQ,2007,120.755218133033
IRQ,2008,75.4506808466392
IRQ,2009,87.3750996974767
IRQ,2010,53.5325858559235
IRQ,2011,40.7191467461961
IRQ,2012,34.7817994263857
IRQ,2013,31.1525281464379
IRQ,2014,33.5304745256441
IRQ,2015,61.3950827734011
IRN,2000,12.1612574371366
IRN,2001,12.0051853727676
IRN,2002,21.7888940235158
IRN,2003,19.6090864791162
IRN,2004,16.6990484141315
IRN,2005,13.5620910726587
IRN,2006,12.4599298025151
IRN,2007,12.0273335019803
IRN,2008,9.28700222505843
IRN,2009,10.4249698298046
IRN,2010,12.1745471996337
IRN,2011,8.87472453585106
IRN,2012,17.3953861700604
IRN,2013,15.4021324772006
IRN,2014,15.6296150629138
IRN,2015,15.9035187157536
ISL,2000,41.0378595859905
ISL,2001,45.8858591514283
ISL,2002,39.6464099187174
ISL,2003,38.4505581115715
ISL,2004,33.0438136345586
ISL,2005,24.5695559480102
ISL,2006,29.3001683168068
ISL,2007,27.3346451843727
ISL,2008,67.5588360244781
ISL,2009,82.868368980845
ISL,2010,88.2654492732844
ISL,2011,95.1263358516019
ISL,2012,92.6141683547153
ISL,2013,84.811998712639
ISL,2014,82.5094153734357
ISL,2015,67.590923726814
ITA,2000,105.109524508863
ITA,2001,104.729800060051
ITA,2002,101.922924310853
ITA,2003,100.484939347528
ITA,2004,100.089128208881
ITA,2005,101.94049107017
ITA,2006,102.557091691562
ITA,2007,99.7758630973091
ITA,2008,102.39029208064
ITA,2009,112.51944524623
ITA,2010,115.377924170232
ITA,2011,116.498951730759
ITA,2012,123.338680663945
ITA,2013,129.004386473358
ITA,2014,132.528477563198
ITA,2015,132.712549469192
JAM,2000,93.6870636100698
JAM,2001,110.651896573733
JAM,2002,122.239071575398
JAM,2003,128.645254586927
JAM,2004,123.233608027044
JAM,2005,122.226873546413
JAM,2006,121.069820679278
JAM,2007,118.249121414351
JAM,2008,128.894204137475
JAM,2009,145.212453099594
JAM,2010,144.349190789341
JAM,2011,142.624197361335
JAM,2012,147.857154236882
JAM,2013,142.809405952822
JAM,2014,139.422469015343
JAM,2015,122.055739008257
JOR,2000,100.47902261306
JOR,2001,124.174129718561
JOR,2002,116.304690621296
JOR,2003,104.095268500314
JOR,2004,100.714701733897
JOR,2005,100.268070771692
JOR,2006,87.9984624610937
JOR,2007,90.3023544153142
JOR,2008,60.244418044937
JOR,2009,64.7754520066468
JOR,2010,67.1132982271535
JOR,2011,70.7285023862668
JOR,2012,80.717833977064
JOR,2013,86.6775180084323
JOR,2014,89.0493988112521
JOR,2015,93.3906574948193
JPN,2000,143.77848821245
JPN,2001,153.634535360275
JPN,2002,163.991910198799
JPN,2003,169.571821213672
JPN,2004,180.656881705787
JPN,2005,186.436357791083
JPN,2006,185.997272477881
JPN,2007,183.01235615289
JPN,2008,191.812143150576
JPN,2009,210.246836069046
JPN,2010,215.821204619488
JPN,2011,231.629354760934
JPN,2012,238.014556574821
JPN,2013,244.477405513901
JPN,2014,249.113739092857
JPN,2015,247.975864153389
KEN,2000,52.230343499715
KEN,2001,56.2184000240009
KEN,2002,61.8442204683205
KEN,2003,60.1327398006624
KEN,2004,53.795142273036
KEN,2005,48.3430181104348
KEN,2006,43.9750544882108
KEN,2007,38.3723771219044
KEN,2008,41.4690127040939
KEN,2009,41.0947786659835
KEN,2010,44.4031655799317
KEN,2011,43.0494327722116
KEN,2012,41.6944919489526
KEN,2013,41.4932918887668
KEN,2014,46.6663344810707
KEN,2015,51.3272241627305
KGZ,2000,98.9165
KGZ,2001,91.4302
KGZ,2002,97.1821
KGZ,2003,91.5027
KGZ,2004,86.7424
KGZ,2005,75.3131
KGZ,2006,72.4988951071501
KGZ,2007,56.8048072414237
KGZ,2008,48.4583345094193
KGZ,2009,58.0665043504989
KGZ,2010,59.7263813058625
KGZ,2011,49.380386022268
KGZ,2012,48.9749647720063
KGZ,2013,46.1024255875391
KGZ,2014,52.3034652152198
KGZ,2015,66.035670091688
KHM,2000,35.2345534345757
KHM,2001,34.8688121372205
KHM,2002,39.7483214411204
KHM,2003,43.0994188915062
KHM,2004,42.7034131843288
KHM,2005,37.4267344369909
KHM,2006,32.8515434294316
KHM,2007,30.5214232851723
KHM,2008,27.759976250197
KHM,2009,29.1456474225219
KHM,2010,29.3667854037477
KHM,2011,30.2982019040308
KHM,2012,32.0510233092129
KHM,2013,32.0545277462085
KHM,2014,32.2623443455507
KHM,2015,32.5376804979778
KIR,2000,11.8509938653691
KIR,2001,15.3956754431959
KIR,2002,11.7761520871477
KIR,2003,11.2476713833227
KIR,2004,11.9835174032685
KIR,2005,10.5344796906644
KIR,2006,11.5169431568681
KIR,2007,9.96926436003211
KIR,2008,12.6358029075158
KIR,2009,9.52772091843387
KIR,2010,8.6231238855441
KIR,2011,8.22377873070386
KIR,2012,7.52324329365064
KIR,2013,8.20934210165384
KIR,2014,8.40093658567267
KIR,2015,23.08120891935
COM,2000,106.057
COM,2001,104.13
COM,2002,100.269
COM,2003,84.0576
COM,2004,78.248
COM,2005,69.7335
COM,2006,68.5787
COM,2007,64.8131
COM,2008,57.4885045365293
COM,2009,53.6247822066999
COM,2010,50.737632596899
COM,2011,45.7409731692574
COM,2012,42.5757085219844
COM,2013,18.1456775692401
COM,2014,22.5908579288374
COM,2015,25.385219970891
KNA,2000,96.7952357824449
KNA,2001,104.756567382557
KNA,2002,119.781907716977
KNA,2003,142.639926927136
KNA,2004,154.888609559005
KNA,2005,157.942395657328
KNA,2006,143.781194770709
KNA,2007,135.001928047845
KNA,2008,131.931770255737
KNA,2009,144.119784613852
KNA,2010,159.311883884645
KNA,2011,151.677354968072
KNA,2012,138.396493294487
KNA,2013,101.174623327217
KNA,2014,79.7595661656016
KNA,2015,67.7595228466369
KOR,2000,17.1140142885714
KOR,2001,17.7015335570782
KOR,2002,17.5512760931356
KOR,2003,20.4491122008535
KOR,2004,23.251062088864
KOR,2005,26.9594181239714
KOR,2006,29.2719479830643
KOR,2007,28.6508282037287
KOR,2008,28.1619010075399
KOR,2009,31.3802685021322
KOR,2010,30.8254986137763
KOR,2011,31.5108393148218
KOR,2012,32.1268198214013
KOR,2013,33.7574954763928
KOR,2014,35.8762012229092
KOR,2015,37.8887155486219
KWT,2000,35.4293181362542
KWT,2001,36.4299367397997
KWT,2002,32.3329224950029
KWT,2003,24.6148610474889
KWT,2004,18.6163348286154
KWT,2005,14.1365237336624
KWT,2006,10.5701988480455
KWT,2007,11.8323932923917
KWT,2008,9.57045011325108
KWT,2009,11.0457758138719
KWT,2010,11.3398907980693
KWT,2011,8.54741474659798
KWT,2012,6.78872113601878
KWT,2013,6.49826563612273
KWT,2014,7.48568898131995
KWT,2015,11.1739290081013
KAZ,2000,25.3097
KAZ,2001,18.7304
KAZ,2002,17.5918684050564
KAZ,2003,14.9624930098823
KAZ,2004,11.3915680770711
KAZ,2005,8.0994854894873
KAZ,2006,6.66733063322058
KAZ,2007,5.87362469157093
KAZ,2008,6.76587807484648
KAZ,2009,10.2270294086609
KAZ,2010,10.6827352474496
KAZ,2011,9.76786994839917
KAZ,2012,11.6813783885342
KAZ,2013,12.2333554478437
KAZ,2014,14.112548073917
KAZ,2015,21.8852373732816
LAO,2000,142.566
LAO,2001,140.235
LAO,2002,144.897
LAO,2003,100.20807262813
LAO,2004,90.0211031293477
LAO,2005,82.1830064113338
LAO,2006,68.3746192231328
LAO,2007,62.4509468251862
LAO,2008,58.4679546986254
LAO,2009,62.756315753189
LAO,2010,58.7057656474834
LAO,2011,54.5278565019133
LAO,2012,58.1348049475375
LAO,2013,57.0184069618538
LAO,2014,61.2478739732771
LAO,2015,61.8586672205995
LBN,2000,146.106258413138
LBN,2001,160.913058927764
LBN,2002,160.947272411397
LBN,2003,169.029881848107
LBN,2004,171.183490013611
LBN,2005,180.698993424538
LBN,2006,185.187993951429
LBN,2007,171.023343259109
LBN,2008,163.092143103647
LBN,2009,145.565749235474
LBN,2010,138.39092495637
LBN,2011,133.887840566756
LBN,2012,130.802785758337
LBN,2013,133.360081302907
LBN,2014,133.3565944311
LBN,2015,138.407358188165
LCA,2000,38.5697213782029
LCA,2001,45.6718393518864
LCA,2002,58.6582076152533
LCA,2003,54.6043336550738
LCA,2004,59.1578450143277
LCA,2005,61.9186842632755
LCA,2006,58.0356258467029
LCA,2007,56.7502546522388
LCA,2008,56.0933981130529
LCA,2009,60.4264369012699
LCA,2010,63.2689706508728
LCA,2011,67.6167656548261
LCA,2012,74.7701072535956
LCA,2013,80.5933826371489
LCA,2014,80.9029804569937
LCA,2015,79.2325714963018
LKA,2000,93.6964835105133
LKA,2001,99.802839119721
LKA,2002,102.096896341586
LKA,2003,102.270712023476
LKA,2004,102.328488871225
LKA,2005,90.6054023553663
LKA,2006,87.8846625015313
LKA,2007,84.9972112684872
LKA,2008,81.3697518887102
LKA,2009,86.0635332750259
LKA,2010,81.9086333872462
LKA,2011,78.452077716594
LKA,2012,79.1722800945932
LKA,2013,78.3153202070962
LKA,2014,75.5354677667818
LKA,2015,76.0355873873527
LBR,2000,360.491
LBR,2001,361.72
LBR,2002,367.724
LBR,2003,523.382
LBR,2004,487.448
LBR,2005,402.437
LBR,2006,357.737
LBR,2008,309.660541177595
LBR,2009,173.936455695057
LBR,2010,33.4252541317956
LBR,2011,29.6385705051121
LBR,2012,26.9861824228001
LBR,2013,27.4790361196612
LBR,2014,33.3472484760911
LBR,2015,39.2066880501323
LSO,2000,101.188402257071
LSO,2001,126.092293061166
LSO,2002,93.3594460932525
LSO,2003,62.6447087159256
LSO,2004,55.7148341205426
LSO,2005,60.2628261926785
LSO,2006,62.5853831090935
LSO,2007,58.1629791383199
LSO,2008,50.8251071672384
LSO,2009,37.6179572999411
LSO,2010,35.2451667129751
LSO,2011,37.9798881057768
LSO,2012,40.3284570096909
LSO,2013,43.3668921727353
LSO,2014,49.5270871910433
LSO,2015,58.3294481286124
LTU,2000,23.4882902331416
LTU,2001,22.8947300580768
LTU,2002,22.1377241729006
LTU,2003,20.9183040039507
LTU,2004,19.3028676731035
LTU,2005,18.3076314488893
LTU,2006,17.967867145203
LTU,2007,16.6527714468382
LTU,2008,15.3903951582433
LTU,2009,29.0139359550617
LTU,2010,36.2798940481578
LTU,2011,37.2772934895526
LTU,2012,39.7933326593616
LTU,2013,38.7561090925836
LTU,2014,40.6820127623581
LTU,2015,42.7813571225909
LUX,2000,6.45535302509816
LUX,2001,6.9629938195513
LUX,2002,6.88358985125729
LUX,2003,6.93153098843006
LUX,2004,7.32452414092298
LUX,2005,7.47540652799032
LUX,2006,7.86858552237734
LUX,2007,7.79825871255702
LUX,2008,15.097762654958
LUX,2009,16.0305722368356
LUX,2010,20.112586970272
LUX,2011,19.1184271600027
LUX,2012,21.9873227735678
LUX,2013,23.3335195482712
LUX,2014,22.9232578352677
LUX,2015,21.4538602210994
LVA,2000,15.0179
LVA,2001,15.8554
LVA,2002,16.5159
LVA,2003,16.3234
LVA,2004,16.0428
LVA,2005,11.8159
LVA,2006,9.18135669938277
LVA,2007,7.23784278062944
LVA,2008,16.1866774919119
LVA,2009,32.4918225530594
LVA,2010,40.3397331913933
LVA,2011,37.5937526117058
LVA,2012,36.8588157198991
LVA,2013,35.9094456326927
LVA,2014,38.5884924993765
LVA,2015,34.9438289890371
LBY,2000,43.7338225687295
LBY,2001,43.1299391453763
LBY,2002,35.0716919659501
LBY,2003,27.1442051811499
LBY,2004,4.16268732057833
LBY,2005,2.90642327236513
LBY,2006,2.85976525543054
LBY,2007,1.97816889386185
LBY,2008,2.63203798480745
LBY,2009,2.76129518261957
LBY,2010,2.86383515516188
LBY,2011,26.6117437426405
LBY,2012,2.24589582833777
LBY,2013,3.71112761389305
LBY,2014,36.3850802945934
LBY,2015,73.8444895753648
MAR,2000,70.191983185244
MAR,2001,65.4035835872575
MAR,2002,64.2530769564011
MAR,2003,61.609418020427
MAR,2004,58.9063215771063
MAR,2005,61.6417828495668
MAR,2006,56.7825531012907
MAR,2007,51.9877527880275
MAR,2008,45.4427659043265
MAR,2009,46.1260977203223
MAR,2010,48.9977364954424
MAR,2011,52.5466681787198
MAR,2012,58.2996552582261
MAR,2013,61.7270634564434
MAR,2014,63.4544049124387
MAR,2015,64.0591800436357
MDA,2000,77.1033279407094
MDA,2001,74.6152728363605
MDA,2002,69.1595202537908
MDA,2003,57.9484931278988
MDA,2004,43.647318756611
MDA,2005,35.9283779829147
MDA,2006,30.9042604931758
MDA,2007,24.6087943380043
MDA,2008,19.2565319340488
MDA,2009,29.124814565598
MDA,2010,26.8519017132463
MDA,2011,24.1490541678129
MDA,2012,24.5375064520701
MDA,2013,23.7932863064452
MDA,2014,31.4249531910243
MDA,2015,41.462289336465
MNE,2002,75.7303435211302
MNE,2003,40.2614877679243
MNE,2004,41.6042084510383
MNE,2005,36.3196792937057
MNE,2006,31.9078612451012
MNE,2007,27.5026702436553
MNE,2008,28.9957839929142
MNE,2009,38.2501928947633
MNE,2010,40.6612679902991
MNE,2011,45.5516005514612
MNE,2012,53.4187423011387
MNE,2013,55.1800723394207
MNE,2014,59.9119933879365
MNE,2015,67.2322670375521
MDG,2000,107.048654245153
MDG,2001,98.1018492245124
MDG,2002,105.046038381327
MDG,2003,99.7085355266265
MDG,2004,95.047145703778
MDG,2005,86.4670269491813
MDG,2006,37.3666371823128
MDG,2007,32.7501006767018
MDG,2008,31.4897210816048
MDG,2009,33.6775949968432
MDG,2010,31.6904082067942
MDG,2011,32.1811903727957
MDG,2012,33.0286148597873
MDG,2013,33.8914049473467
MDG,2014,34.6511853842348
MDG,2015,35.5327193495667
MHL,2000,36.4540971198593
MHL,2001,42.8452470247964
MHL,2002,46.7713938271191
MHL,2003,49.0470073256751
MHL,2004,48.6983168503363
MHL,2005,46.1878211872683
MHL,2006,44.0825754967122
MHL,2007,41.4501779333869
MHL,2008,41.5642258459429
MHL,2009,39.7977741938263
MHL,2010,36.8410052570917
MHL,2011,40.2796594423638
MHL,2012,36.812122884378
MHL,2013,36.1025262171724
MHL,2014,34.8145769086205
MHL,2015,33.7038332864376
MKD,2000,45.5608130360653
MKD,2001,45.2144998364162
MKD,2002,40.4642362171873
MKD,2003,36.4612551433933
MKD,2004,34.5800166374326
MKD,2005,36.7449812109315
MKD,2006,30.5832223401017
MKD,2007,23.5250908513061
MKD,2008,20.5925477877547
MKD,2009,23.7689945360183
MKD,2010,24.0654216889969
MKD,2011,27.7403807446323
MKD,2012,33.6809420912943
MKD,2013,34.0067040834906
MKD,2014,38.2500059989825
MKD,2015,37.9549878826884
MLI,2000,90.5218853543164
MLI,2001,77.4977522141178
MLI,2002,42.6429646451467
MLI,2003,44.1496523880738
MLI,2004,42.4344210650326
MLI,2005,46.6263928180486
MLI,2006,18.0657999063531
MLI,2007,18.5345269717138
MLI,2008,20.265411190275
MLI,2009,21.9372921277239
MLI,2010,25.2887299324118
MLI,2011,23.9647634712943
MLI,2012,25.3898671753986
MLI,2013,26.3682165546553
MLI,2014,27.2769455783866
MLI,2015,30.9144645070168
MMR,2000,146.505009943614
MMR,2001,215.948526559713
MMR,2002,161.784329719965
MMR,2003,124.081908754807
MMR,2004,118.982748882872
MMR,2005,110.541139951865
MMR,2006,90.6353528549851
MMR,2007,62.5240070632525
MMR,2008,53.8961628767672
MMR,2009,55.1636332172585
MMR,2010,49.6908648465029
MMR,2011,44.9581169269707
MMR,2012,39.9491465515444
MMR,2013,34.1585494173444
MMR,2014,29.7292377688134
MMR,2015,34.3392820644691
MNG,2000,83.8355
MNG,2001,77.9216
MNG,2002,81.0452
MNG,2003,95.8259
MNG,2004,78.392
MNG,2005,58.6057
MNG,2006,44.1931
MNG,2007,40.7361
MRT,2000,234.394074781183
MRT,2001,231.7204250988
MRT,2002,204.396141471119
MRT,2003,177.942668162055
MRT,2004,170.865093154742
MRT,2005,154.844187747293
MRT,2006,82.5908603870471
MRT,2007,73.4251118277914
MRT,2008,77.8826991979568
MRT,2009,89.6934323721702
MRT,2010,80.592915402292
MRT,2011,71.6283894445524
MRT,2012,73.5344605155988
MRT,2013,66.1509461940615
MRT,2014,77.0758763727796
MRT,2015,91.1795030575446
MLT,2000,64.1543804823713
MLT,2001,70.3746771268459
MLT,2002,64.8434353944805
MLT,2003,68.7173730639749
MLT,2004,71.1416754079915
MLT,2005,70.1081908373657
MLT,2006,64.6158113514625
MLT,2007,62.3900995643236
MLT,2008,62.7460053776696
MLT,2009,67.7985926159662
MLT,2010,67.6308093922773
MLT,2011,69.9556925946661
MLT,2012,67.5914687012311
MLT,2013,68.3740807328275
MLT,2014,66.9958113871255
MLT,2015,63.9630802183481
MUS,2001,44.8008249868164
MUS,2002,52.5317055914635
MUS,2003,59.1032799821116
MUS,2004,51.6969226961506
MUS,2005,53.5298093246547
MUS,2006,51.0145410114175
MUS,2007,47.2830363363634
MUS,2008,44.0297685880517
MUS,2009,52.2687831587298
MUS,2010,52.0378380185179
MUS,2011,52.2787149663634
MUS,2012,51.4732135069285
MUS,2013,53.8609158534089
MUS,2014,56.1519202338509
MUS,2015,58.6007196383966
MDV,2000,57.8261
MDV,2001,53.5389
MDV,2002,61.4351
MDV,2003,60.2174
MDV,2004,55.9244
MDV,2005,61.9537
MDV,2006,57.9238
MDV,2007,57.8384
MDV,2008,41.943172308855
MDV,2009,54.5291610166826
MDV,2010,60.4330497861817
MDV,2011,60.3374173789361
MDV,2012,62.6832933569831
MDV,2013,64.0578496692503
MDV,2014,66.3126526148869
MDV,2015,73.1334468192796
MWI,2000,148.953
MWI,2001,151.912
MWI,2003,146.201419710227
MWI,2004,125.532081751621
MWI,2005,36.7046590446357
MWI,2006,42.0941086491802
MWI,2007,44.4562844050827
MWI,2008,36.7503464792142
MWI,2009,39.5349800191606
MWI,2010,57.6573106748257
MWI,2011,81.2158761183431
MWI,2012,82.0530786522241
MWI,2013,85.6587175081925
MWI,2014,82.5166959728628
MWI,2015,72.9749784388801
MEX,2000,41.8499505067964
MEX,2001,41.1107762442298
MEX,2002,43.4660996863675
MEX,2003,44.7471639177726
MEX,2004,40.8445934155735
MEX,2005,39.0188204030331
MEX,2006,37.7524853084487
MEX,2007,37.5339375331576
MEX,2008,42.8273315710826
MEX,2009,43.9241866618858
MEX,2010,42.2294449566621
MEX,2011,43.1994354732541
MEX,2012,43.1709760843807
MEX,2013,46.3520215538119
MEX,2014,49.498875227633
MEX,2015,54.0277924040666
MYS,2000,32.8807961727689
MYS,2001,38.5051779191658
MYS,2002,40.0936037441498
MYS,2003,41.9812054987036
MYS,2004,42.5561463921536
MYS,2005,41.3571549443796
MYS,2006,40.2251015666576
MYS,2007,39.907414414362
MYS,2008,39.9199807843216
MYS,2009,51.1241814618165
MYS,2010,51.9397136718061
MYS,2011,52.6355649077087
MYS,2012,54.5515835762331
MYS,2013,55.9042926605907
MYS,2014,55.5798988648677
MYS,2015,57.3930023095669
MOZ,2000,118.178986893205
MOZ,2001,123.395194918764
MOZ,2002,75.7870621437352
MOZ,2003,74.9344434446221
MOZ,2004,59.7059341859332
MOZ,2005,70.1579488984003
MOZ,2006,46.6105126537713
MOZ,2007,35.9901368411067
MOZ,2008,36.2832540601234
MOZ,2009,41.8868094360812
MOZ,2010,43.3258753688067
MOZ,2011,38.0258296322051
MOZ,2012,40.0976425404982
MOZ,2013,53.1250612439622
MOZ,2014,62.3717612803669
MOZ,2015,86.0244087822478
NAM,2000,20.5634529462074
NAM,2001,23.1056293151665
NAM,2002,22.0720080440305
NAM,2003,25.8433328419021
NAM,2004,28.0526467349282
NAM,2005,27.1560373354123
NAM,2006,24.7321839484693
NAM,2007,20.0595667159386
NAM,2008,18.5749619155797
NAM,2009,16.338341890667
NAM,2010,15.8545083734695
NAM,2011,24.3291076055877
NAM,2012,24.2572724752776
NAM,2013,23.9993879023334
NAM,2014,23.9247819054456
NAM,2015,34.6374513988183
NER,2000,88.8172367812941
NER,2001,109.165206746078
NER,2002,109.248301029596
NER,2003,87.4014826859363
NER,2004,76.7174954679804
NER,2005,66.3208910566132
NER,2006,27.1425701207636
NER,2007,25.1476383720709
NER,2008,21.0573076986134
NER,2009,27.7404657590174
NER,2010,24.290267952419
NER,2011,27.8095706467689
NER,2012,26.7596221498012
NER,2013,27.223693511716
NER,2014,33.4198031344987
NER,2015,45.0595740456619
NGA,2000,82.3007
NGA,2001,83.4723
NGA,2002,43.2656911398078
NGA,2003,41.9741956042488
NGA,2004,35.4880005499772
NGA,2005,18.9269062392149
NGA,2006,7.70771518998752
NGA,2007,8.11633081955416
NGA,2008,7.27610807306513
NGA,2009,8.61723175535839
NGA,2010,9.59715437489022
NGA,2011,10.1936925921514
NGA,2012,10.4208246122901
NGA,2013,10.5008843021498
NGA,2014,10.5789527610903
NGA,2015,11.5032433861457
NIC,2000,204.871
NIC,2001,227.462
NIC,2002,235.7
NIC,2003,236.176
NIC,2004,160.519
NIC,2005,71.399597313354
NIC,2006,54.65319279875
NIC,2007,31.5885860331596
NIC,2008,26.4812139121947
NIC,2009,29.4488280918531
NIC,2010,30.8722810632973
NIC,2011,29.2722310288096
NIC,2012,28.5004742391323
NIC,2013,29.5054006883163
NIC,2014,29.3340660350679
NIC,2015,29.3991210909961
NLD,2000,53.8
NLD,2001,48.6836474398778
NLD,2002,48.1724000558138
NLD,2003,49.3063546167039
NLD,2004,49.6139817803218
NLD,2005,48.9431076100284
NLD,2006,44.474561991119
NLD,2007,42.3760761805374
NLD,2008,54.4667009823785
NLD,2009,56.4925348965249
NLD,2010,59.3398066861754
NLD,2011,61.6335551826096
NLD,2012,66.3876161720121
NLD,2013,67.7403837315472
NLD,2014,67.9459373039239
NLD,2015,65.1192628275718
NOR,2000,28.099206438683
NOR,2001,26.7010740867387
NOR,2002,33.4931652160871
NOR,2003,42.6693907742158
NOR,2004,43.4725735010643
NOR,2005,42.0081339768249
NOR,2006,52.3317257343435
NOR,2007,49.2010378486217
NOR,2008,47.2644255570021
NOR,2009,41.9716359810972
NOR,2010,42.3657806221256
NOR,2011,28.8822277292796
NOR,2012,30.0222007959641
NOR,2013,30.3047994649533
NOR,2014,27.9408985879984
NOR,2015,27.9408985879984
NPL,2000,57.9311634748381
NPL,2001,57.9068292141288
NPL,2002,59.103265630911
NPL,2003,60.4255285255262
NPL,2004,58.5423879497558
NPL,2005,51.4807510153821
NPL,2006,48.8983890076648
NPL,2007,43.2137992410888
NPL,2008,41.9273548267895
NPL,2009,38.5296746585135
NPL,2010,34.0359172348514
NPL,2011,31.6593171649091
NPL,2012,34.4593192349665
NPL,2013,31.9489814779288
NPL,2014,27.3941619509651
NPL,2015,27.9761938517321
NZL,2000,26.7200705138926
NZL,2001,25.0677849506135
NZL,2002,23.4977282804844
NZL,2003,21.9798198392221
NZL,2004,20.0302422252751
NZL,2005,18.5011715610593
NZL,2006,16.3689622076827
NZL,2007,14.5054237749943
NZL,2008,16.8872928513321
NZL,2009,21.6514700288169
NZL,2010,26.8655441481496
NZL,2011,31.5372931629556
NZL,2012,31.9482411190361
NZL,2013,30.8020320199761
NZL,2014,30.3187075900444
NZL,2015,29.9470653539064
OMN,2000,26.1007253900158
OMN,2001,25.1395319230588
OMN,2002,18.6945531805596
OMN,2003,17.1734560043766
OMN,2004,15.9534615168984
OMN,2005,9.87106214507009
OMN,2006,8.90981847462802
OMN,2007,7.10497828263258
OMN,2008,4.8421697575054
OMN,2009,6.8898943278217
OMN,2010,5.85281485152035
OMN,2011,5.18081801871184
OMN,2012,4.93250364563106
OMN,2013,5.06806834425687
OMN,2014,4.88199684612016
OMN,2015,14.8812326058877
PAN,2000,56.4336312454245
PAN,2001,60.8945856096333
PAN,2002,60.0094911491004
PAN,2003,59.4768562308203
PAN,2004,61.9038793205485
PAN,2005,62.4824921990938
PAN,2006,57.6487839501545
PAN,2007,49.9607396038827
PAN,2008,42.5630255013299
PAN,2009,41.2866272401728
PAN,2010,40.2119366703745
PAN,2011,37.2783671665485
PAN,2012,35.7033563584802
PAN,2013,34.9642079132873
PAN,2014,37.0805837895041
PAN,2015,38.7707651643787
PER,2000,39.3755
PER,2001,39.3258
PER,2002,40.332
PER,2003,41.2907
PER,2004,37.9188
PER,2006,34.7700950193827
PER,2007,31.869875541436
PER,2008,27.962777323528
PER,2009,28.3836724953826
PER,2010,25.4031545674163
PER,2011,23.0235749714516
PER,2012,21.2141749437351
PER,2013,20.3379490016892
PER,2014,20.7101598780162
PER,2015,23.9750835848634
PNG,2000,53.9124
PNG,2001,56.8062
PNG,2002,62.5796
PNG,2003,55.2705
PNG,2004,50.0209
PNG,2005,39.6484
PNG,2006,35.9893
PNG,2007,32.8855
PNG,2008,21.7830457089081
PNG,2009,21.8460113932773
PNG,2010,17.3418363340814
PNG,2011,16.3071204304883
PNG,2012,19.1483696265373
PNG,2013,25.0271813565393
PNG,2014,28.1100566101805
PNG,2015,30.5515506634159
PHL,2000,58.7741757784485
PHL,2001,58.8308323568113
PHL,2002,63.2557235607911
PHL,2003,68.0356918195088
PHL,2004,65.804044811809
PHL,2005,59.1688432917969
PHL,2006,51.5819967511577
PHL,2007,44.6396568205793
PHL,2008,44.1672575948027
PHL,2009,44.3430743330795
PHL,2010,43.4617662794571
PHL,2011,41.4117190446888
PHL,2012,40.6094979247399
PHL,2013,39.2584352162152
PHL,2014,36.3976417649594
PHL,2015,34.7946235279849
PAK,2000,74.8480605112365
PAK,2001,79.0901581748598
PAK,2002,73.6686857672183
PAK,2003,68.1868303308014
PAK,2004,61.5560204110779
PAK,2005,58.9210332188567
PAK,2006,53.9316299343836
PAK,2007,51.9548477716287
PAK,2008,57.2868534531103
PAK,2009,58.5665014829496
PAK,2010,60.6734171278082
PAK,2011,58.9420753921442
PAK,2012,63.34962688754
PAK,2013,64.2394259712458
PAK,2014,63.6825383280549
PAK,2015,63.5676634239774
POL,2000,36.5831607059854
POL,2001,37.3517857037487
POL,2002,41.7786801359163
POL,2003,46.5877791306609
POL,2004,45.3228933441834
POL,2005,46.7028300502711
POL,2006,47.1513996641598
POL,2007,44.1870480549315
POL,2008,46.6115863197836
POL,2009,49.8093071784196
POL,2010,53.3268551705019
POL,2011,54.3671248476755
POL,2012,53.9801267298964
POL,2013,55.9686784246743
POL,2014,50.4855811282612
POL,2015,51.280890792676
PRI,2006,33.4466595646923
PRI,2007,36.8974404612836
PRI,2008,40.7642875245757
PRI,2009,46.5081886785993
PRI,2010,48.33899386977
PRI,2011,49.9968961462536
PRI,2012,53.7323042461561
PRI,2013,52.3083361083455
PRI,2014,54.73713259169
PRI,2015,52.9766916959167
PRT,2000,48.358602161787
PRT,2001,51.0680351463798
PRT,2002,53.6799241291215
PRT,2003,55.7001604646317
PRT,2004,57.4594653966984
PRT,2005,62.5329460043517
PRT,2006,61.618800425216
PRT,2007,68.4390825930903
PRT,2008,71.6663332178859
PRT,2009,83.609401088177
PRT,2010,96.1833185365076
PRT,2011,111.389678797878
PRT,2012,126.209890062282
PRT,2013,129.00084417095
PRT,2014,130.165394937574
PRT,2015,128.97682231548
PRY,2000,34.6587931266745
PRY,2001,42.7405607513271
PRY,2002,59.3869710206273
PRY,2003,45.1005832395617
PRY,2004,34.4624054208058
PRY,2005,28.0101547337027
PRY,2006,21.4589585836874
PRY,2007,18.1417974560095
PRY,2008,18.1476450309217
PRY,2009,18.2450226786056
PRY,2010,15.6069255129881
PRY,2011,12.9927598886953
PRY,2012,16.1745062252582
PRY,2013,17.0235396097375
PRY,2014,20.2435616322698
PRY,2015,24.1916039161486
QAT,2000,52.5429632150481
QAT,2001,59.0870764411028
QAT,2002,47.5923046365133
QAT,2003,39.0877527053687
QAT,2004,29.0349300505575
QAT,2005,19.1710619343455
QAT,2006,13.4308008176489
QAT,2007,8.92750765116215
QAT,2008,11.0957338119037
QAT,2009,35.9723028433702
QAT,2010,41.842259845913
QAT,2011,35.5688120924906
QAT,2012,36.5630944984474
QAT,2013,32.5992402675852
QAT,2014,31.6763380484276
QAT,2015,39.7600435218704
ROU,2000,23.7217
ROU,2001,27.192395324152
ROU,2002,27.3183515691542
ROU,2003,24.023513655338
ROU,2004,20.9811471547866
ROU,2005,17.5450137836639
ROU,2006,12.5363288005365
ROU,2007,12.6516438780953
ROU,2008,13.387073367523
ROU,2009,23.3475566615242
ROU,2010,30.5353382991082
ROU,2011,33.8743140118196
ROU,2012,37.6304845764959
ROU,2013,38.8260679952812
ROU,2014,40.4954092214626
ROU,2015,39.3041252479721
SRB,2000,224.75081140206
SRB,2001,106.304837802523
SRB,2002,76.1202803962724
SRB,2003,71.7588706960413
SRB,2004,62.1783689746641
SRB,2005,54.1091821240493
SRB,2006,40.2968156254514
SRB,2007,33.4359893310059
SRB,2008,32.3766916732219
SRB,2009,35.9523499316299
SRB,2010,43.6790010124846
SRB,2011,46.6088137670207
SRB,2012,58.3162685601528
SRB,2013,61.41768354377
SRB,2014,72.0071412912108
SRB,2015,77.4316805206009
RUS,2000,55.7122837414325
RUS,2001,44.3139425978729
RUS,2002,37.4721450545673
RUS,2003,28.2549958426697
RUS,2004,20.7696783838296
RUS,2005,14.8091201957035
RUS,2006,9.77649767991868
RUS,2007,8.01024550009798
RUS,2008,7.42542891479877
RUS,2009,9.89047094854029
RUS,2010,10.5597839084988
RUS,2011,10.9132451451554
RUS,2012,11.7610407773257
RUS,2013,13.0755160405933
RUS,2014,15.8939509988441
RUS,2015,16.423031942607
RWA,2000,102.512450906982
RWA,2001,98.6459144999391
RWA,2002,107.90063247384
RWA,2003,100.616723149902
RWA,2004,90.8055181746916
RWA,2005,70.6652813953861
RWA,2006,26.5773035885201
RWA,2007,26.709372166122
RWA,2008,20.9038724485949
RWA,2009,22.3661269878905
RWA,2010,22.5565192836897
RWA,2011,23.061182631757
RWA,2012,21.461119345233
RWA,2013,28.6843823863927
RWA,2014,31.1269149297379
RWA,2015,37.2938942262645
SAU,2000,86.7017724012641
SAU,2001,93.1477989006172
SAU,2002,96.351696772755
SAU,2003,81.5642311053814
SAU,2004,62.9282022815161
SAU,2005,37.3424359335585
SAU,2006,25.8308411362682
SAU,2007,17.1154305724822
SAU,2008,12.0559945858256
SAU,2009,13.9890376456109
SAU,2010,8.4483105769161
SAU,2011,5.39700796657996
SAU,2012,3.58968118901319
SAU,2013,2.15449914094678
SAU,2014,1.56710495184185
SAU,2015,5.00720987015802
SLB,2000,55.3944
SLB,2001,70.1831
SLB,2002,86.9857
SLB,2003,84.7603
SLB,2004,75.39
SLB,2005,63.8722
SLB,2006,48.3626720485362
SLB,2007,43.9061689570819
SLB,2008,35.4906750684864
SLB,2009,33.8537915483107
SLB,2010,28.9286828052838
SLB,2011,21.7193638345911
SLB,2012,17.5951349949369
SLB,2013,15.5393324518889
SLB,2014,13.2776342905059
SLB,2015,10.3825675344089
SYC,2000,172.56104614309
SYC,2001,201.269932523454
SYC,2002,202.05171030371
SYC,2003,175.715311372652
SYC,2004,163.225828874269
SYC,2005,144.064280078042
SYC,2006,132.509258508308
SYC,2007,130.748761259303
SYC,2008,130.009426853477
SYC,2009,121.292381693485
SYC,2010,81.8939926970908
SYC,2011,77.288691091552
SYC,2012,82.5381637216768
SYC,2013,68.7957733845992
SYC,2014,68.6294735394814
SYC,2015,68.9995686021411
SDN,2000,153.634989549899
SDN,2001,151.26132397188
SDN,2002,148.243999792806
SDN,2003,141.591922720821
SDN,2004,118.13181108591
SDN,2005,94.9534732372716
SDN,2006,74.9791685700575
SDN,2007,70.7111397715394
SDN,2008,68.8494055918449
SDN,2009,72.1121463905172
SDN,2010,73.1156860967274
SDN,2011,70.5838028656237
SDN,2012,94.2463153191066
SDN,2013,89.867344530562
SDN,2014,77.2598365913922
SDN,2015,72.9075544299877
SWE,2000,64.2890343495125
SWE,2001,62.6742076264926
SWE,2002,60.2324001587802
SWE,2004,47.682430132098
SWE,2005,47.9702148209092
SWE,2006,42.9802254281189
SWE,2007,38.1089718606283
SWE,2008,36.6838873196031
SWE,2009,40.1952982339413
SWE,2010,37.5875640697115
SWE,2011,36.9405594357783
SWE,2012,37.1737950499349
SWE,2013,39.7713844021169
SWE,2014,44.7814671995986
SWE,2015,43.3966596958351
SGP,2000,81.3293006742014
SGP,2001,93.1400145398536
SGP,2002,95.2143565658486
SGP,2003,100.198880682242
SGP,2004,96.6822537648671
SGP,2005,94.3093448513255
SGP,2006,87.9079779419592
SGP,2007,86.3017041855883
SGP,2008,93.9276506689453
SGP,2009,104.160610023655
SGP,2010,99.6343231239749
SGP,2011,102.267856477417
SGP,2012,106.500410651546
SGP,2013,103.900481968112
SGP,2014,99.7633506822925
SGP,2015,104.682278568765
SVN,2000,29.0106866998201
SVN,2001,28.5409612801937
SVN,2002,28.395809080326
SVN,2003,27.0439271452226
SVN,2004,26.8329436592743
SVN,2005,26.3024094489267
SVN,2006,25.9999873238812
SVN,2007,22.6566455966273
SVN,2008,21.648854318177
SVN,2009,34.4788780684728
SVN,2010,38.1765069347133
SVN,2011,46.4379897171261
SVN,2012,53.8962572043608
SVN,2013,71.0104657670023
SVN,2014,80.8922008764505
SVN,2015,83.1485610578169
SVK,2000,24.00707
SVK,2001,36.3958
SVK,2002,41.69
SVK,2003,42.3656080940312
SVK,2004,41.4621999117122
SVK,2005,33.9284186227003
SVK,2006,30.7671057087351
SVK,2007,29.8977170808658
SVK,2008,28.2136924146511
SVK,2009,36.007897396523
SVK,2010,40.8153180425956
SVK,2011,43.2689413942501
SVK,2012,52.3690969345485
SVK,2013,54.9874720660933
SVK,2014,53.8972795273715
SVK,2015,52.9080014550895
SLE,2000,211.177
SLE,2001,186.069
SLE,2002,174.617
SLE,2003,177.734
SLE,2004,160.493
SLE,2005,133.859
SLE,2006,103.110381167864
SLE,2007,42.1794788950384
SLE,2008,42.3741875177525
SLE,2009,48.0503822961776
SLE,2010,46.8490968769788
SLE,2011,44.7511259030871
SLE,2012,36.7654907013143
SLE,2013,30.5452500696728
SLE,2014,34.9638601473681
SLE,2015,43.7578907866818
SMR,2004,15.4980702675742
SMR,2005,13.5533682844666
SMR,2006,13.2774373030881
SMR,2007,11.4386798577316
SMR,2008,13.5328634721724
SMR,2009,17.457481616641
SMR,2010,17.5379355929604
SMR,2011,14.6573481798463
SMR,2012,15.3679425931499
SMR,2013,20.8307636451805
SMR,2014,19.0314245562152
SMR,2015,19.8810030578544
SEN,2001,70.9305330768962
SEN,2002,67.9753711820631
SEN,2003,54.7006338264124
SEN,2004,47.5907965307087
SEN,2005,45.6640385708981
SEN,2006,21.8381870765705
SEN,2007,23.4851622814188
SEN,2008,23.9365164794407
SEN,2009,34.1589973745678
SEN,2010,35.5152233628316
SEN,2011,40.6895652701835
SEN,2012,42.8161295177291
SEN,2013,46.9352001949688
SEN,2014,54.2447646630236
SEN,2015,56.8291160673469
SUR,2000,38.2692403592852
SUR,2001,39.8259766543217
SUR,2002,38.1178214429574
SUR,2003,33.5056877818373
SUR,2004,31.5697623729434
SUR,2005,28.8411059954551
SUR,2006,23.965166181144
SUR,2007,17.3768046596433
SUR,2008,15.6386399575626
SUR,2009,15.5525877634961
SUR,2010,18.4698588722424
SUR,2011,19.8331270474882
SUR,2012,21.3849329880967
SUR,2013,31.4342867522315
SUR,2014,29.0165598278465
SUR,2015,43.4567580735773
SSD,2012,8.90572816534267
SSD,2013,17.5948644857105
SSD,2014,37.4598638913858
SSD,2015,63.6487623259207
STP,2000,376.038
STP,2001,388.401
STP,2002,356.051250102679
STP,2003,317.112670278688
STP,2004,336.54869563627
STP,2005,284.253421662607
STP,2006,256.763679782364
STP,2007,101.36368251901
STP,2008,56.8553509938445
STP,2009,68.0265231851124
STP,2010,75.2596786637413
STP,2011,71.7386040386853
STP,2012,78.2942736051642
STP,2013,71.4202913649585
STP,2014,68.8846133470784
STP,2015,82.2641097699643
SLV,2000,26.5157110117937
SLV,2001,32.4288517089345
SLV,2002,37.4579742358475
SLV,2003,39.1434666737557
SLV,2004,39.4055056556718
SLV,2005,38.5490645731201
SLV,2006,39.0993331788019
SLV,2007,38.0310272620108
SLV,2008,39.2534179459661
SLV,2009,48.2135424229224
SLV,2010,49.6640723119949
SLV,2011,49.9636976533126
SLV,2012,55.2041690462593
SLV,2013,55.2529885959041
SLV,2014,57.0822456913412
SLV,2015,58.7229499191496
SYR,2000,152.094445277422
SYR,2001,144.489961246741
SYR,2002,132.42709342297
SYR,2003,133.370350012584
SYR,2004,113.047210626823
SYR,2005,50.7102878355879
SYR,2006,44.9772684601326
SYR,2007,42.6718835821541
SYR,2008,37.3191591079563
SYR,2009,31.2120953790036
SYR,2010,30.0244113059671
SWZ,2000,19.3918346240442
SWZ,2001,20.9685002367588
SWZ,2002,18.7066285541649
SWZ,2003,19.0301885759582
SWZ,2004,15.1969166541984
SWZ,2005,13.5018821842142
SWZ,2006,14.8578294678551
SWZ,2007,16.463169135975
SWZ,2008,14.7378339630794
SWZ,2009,10.5651031902229
SWZ,2010,13.7799466249719
SWZ,2011,14.2635220301553
SWZ,2012,14.6861384490425
SWZ,2013,14.8319244555265
SWZ,2014,13.6681447279382
SWZ,2015,17.2926484855079
TCD,2000,83.6519
TCD,2001,68.5092
TCD,2002,68.048
TCD,2003,59.9715
TCD,2004,40.1087
TCD,2005,25.6404753196538
TCD,2006,26.2427981648202
TCD,2007,22.1500744670059
TCD,2008,19.9540505226387
TCD,2009,31.6682806921257
TCD,2010,30.1225556977668
TCD,2011,30.5472665569398
TCD,2012,28.7786548614849
TCD,2013,30.3444603512838
TCD,2014,39.212080221676
TCD,2015,42.6109680091651
TGO,2000,103.257
TGO,2001,102.703947828678
TGO,2002,85.2073196487324
TGO,2003,85.0331860461043
TGO,2004,101.956138541004
TGO,2005,91.7494127899138
TGO,2006,96.7852416614353
TGO,2007,107.784478670228
TGO,2008,88.4796338915307
TGO,2009,73.4042020999963
TGO,2010,49.914358099351
TGO,2011,49.3117407103424
TGO,2012,49.0361382987016
TGO,2013,51.2258084034491
TGO,2014,57.5366505033825
TGO,2015,62.2704087040377
THA,2000,55.3131505774462
THA,2001,54.9003555276666
THA,2002,51.0090755337739
THA,2003,46.381216538326
THA,2004,44.95876217651
THA,2005,43.0433717180151
THA,2006,38.4865271815114
THA,2007,35.0739588248833
THA,2008,35.1113142648985
THA,2009,41.453650021504
THA,2010,39.164851854245
THA,2011,39.3637494733615
THA,2012,39.9807914405557
THA,2013,42.0924767030929
THA,2014,43.3346995644458
THA,2015,42.720809589078
TJK,2000,83.5685
TJK,2001,75.8807
TJK,2002,79.066
TJK,2003,61.8875
TJK,2004,44.3676328855995
TJK,2005,41.7963753095926
TJK,2006,35.2906071544561
TJK,2007,34.6028533600983
TJK,2008,29.9549529943446
TJK,2009,36.2201306306609
TJK,2010,36.3418584164248
TJK,2011,35.4550774831599
TJK,2012,32.3660735212032
TJK,2013,29.1943536190181
TJK,2014,28.1940688395393
TJK,2015,34.0833469638041
TKM,2000,43.5078996745166
TKM,2001,26.8991179896821
TKM,2002,19.0775862068966
TKM,2003,13.3497497097936
TKM,2004,9.00755350853427
TKM,2005,5.37884853337215
TKM,2006,3.33442821892318
TKM,2007,2.41550135373176
TKM,2008,2.80910110504684
TKM,2009,2.43598791897381
TKM,2010,4.11433989914824
TKM,2011,10.0481185860889
TKM,2012,18.0661886722257
TKM,2013,20.7900737382113
TKM,2014,17.406676501128
TKM,2015,23.1631761104581
TUN,2000,60.67416
TUN,2001,62.47387
TUN,2002,61.53846
TUN,2003,59.78328
TUN,2004,54.1011136461351
TUN,2005,52.4219651945527
TUN,2006,47.9520065773346
TUN,2007,44.8001873822951
TUN,2008,42.0210322977767
TUN,2009,40.5427853212205
TUN,2010,39.2170654247489
TUN,2011,43.0679720021041
TUN,2012,47.6763556373107
TUN,2013,46.8403964518702
TUN,2014,51.5605665128991
TUN,2015,55.7068037039421
TUR,2000,51.3102405115325
TUR,2001,77.9359729350624
TUR,2002,73.9996833405349
TUR,2003,67.6979801508043
TUR,2004,59.6115197913851
TUR,2005,52.7104766008632
TUR,2006,46.5241278069182
TUR,2007,39.9073305980633
TUR,2008,39.9836571407901
TUR,2009,46.0726336477889
TUR,2010,42.3354099957516
TUR,2011,39.1417112794053
TUR,2012,36.1582344623456
TUR,2013,36.1380038502031
TUR,2014,33.5195100150625
TUR,2015,32.9297255929522
TTO,2000,51.0335486073579
TTO,2001,54.1326957180151
TTO,2002,57.3209765771729
TTO,2003,49.3029014147171
TTO,2004,42.5355262222018
TTO,2005,34.4866457054934
TTO,2006,30.8123401184296
TTO,2007,25.0930223825134
TTO,2008,20.3461922749351
TTO,2009,33.9965756591706
TTO,2010,32.6460035802262
TTO,2011,29.8670863600269
TTO,2012,41.2875817466006
TTO,2013,40.7261737553061
TTO,2014,39.7630523166544
TTO,2015,45.4450997204667
TUV,2005,39.4140747394536
TUV,2006,39.7873613088574
TUV,2007,34.6010901289788
TUV,2008,37.4655131414445
TUV,2009,31.0441280581441
TUV,2010,27.4887430181975
TUV,2011,23.8137585377518
TUV,2012,25.9363217698388
TUV,2013,57.1803667335815
TUV,2014,64.3725799416171
TUV,2015,58.2071465294889
TWN,2000,26.1659160334104
TWN,2001,30.0079472670822
TWN,2002,29.6382611812151
TWN,2003,32.0273018109103
TWN,2004,33.2924307993935
TWN,2005,33.9137848080267
TWN,2006,33.1197313968108
TWN,2007,32.0553749956553
TWN,2008,33.2668134241253
TWN,2009,36.5988728600728
TWN,2010,36.7445834268525
TWN,2011,38.2458392140971
TWN,2012,39.217529451552
TWN,2013,39.0349870744945
TWN,2014,37.8986171679899
TWN,2015,36.4553922598201
TZA,2000,65.9123
TZA,2001,57.9647
TZA,2002,58.7598
TZA,2004,56.0229400090976
TZA,2005,55.9725784625081
TZA,2006,42.64753232835
TZA,2007,28.4473852621805
TZA,2008,21.5150980529754
TZA,2009,24.3591007986542
TZA,2010,27.3426237421706
TZA,2011,27.842426234918
TZA,2012,29.1508510857991
TZA,2013,30.9009731489153
TZA,2014,33.7950060624078
TZA,2015,36.5163233290373
UKR,2000,43.789531899256
UKR,2001,35.3397826195241
UKR,2002,32.3437899572047
UKR,2003,28.2989948776211
UKR,2004,23.885489953684
UKR,2005,17.0877533482753
UKR,2006,14.2559205830611
UKR,2007,11.8152087468347
UKR,2008,19.6617532384825
UKR,2009,34.1210895440751
UKR,2010,40.6258428891199
UKR,2011,36.8756721446533
UKR,2012,37.5415379708672
UKR,2013,40.6523526600917
UKR,2014,70.3071108070086
UKR,2015,80.081523785563
UGA,2000,77.5838
UGA,2001,81.4704
UGA,2002,89.6889
UGA,2003,90.7016
UGA,2004,63.5329200354861
UGA,2005,55.2247891677724
UGA,2006,36.0157434742653
UGA,2007,22.0256361159781
UGA,2008,20.3106982474339
UGA,2009,19.1935256499029
UGA,2010,22.9389649042862
UGA,2011,23.6447770795361
UGA,2012,24.1600602671492
UGA,2013,27.6963409655202
UGA,2014,31.207565707583
UGA,2015,34.3855180231896
USA,2000,53.0320781167621
USA,2001,53.0219430276812
USA,2002,55.3787579622911
USA,2003,58.5172633229589
USA,2004,65.4922779568918
USA,2005,64.8931394487425
USA,2006,63.641199777712
USA,2007,64.014304832457
USA,2008,72.8473238747637
USA,2009,86.0340772155652
USA,2010,94.7320173211088
USA,2011,98.9947753968395
USA,2012,102.497522477213
USA,2013,104.621196417338
USA,2014,104.605125020842
USA,2015,105.151987758259
URY,2000,44.7342
URY,2001,40.6249
URY,2002,94.7137
URY,2003,99.2663
URY,2004,93.5468754566261
URY,2005,83.9194824200302
URY,2006,75.6969768161484
URY,2007,67.9853437993015
URY,2008,67.7513984866083
URY,2009,63.0993816457171
URY,2010,59.4124581538843
URY,2011,58.0959866799491
URY,2012,58.0096093584849
URY,2013,60.184201038446
URY,2014,61.40363166816
URY,2015,64.2874511441474
UZB,2000,42.1256218157042
UZB,2001,59.3753442351328
UZB,2002,54.5979622588736
UZB,2003,41.6358881794764
UZB,2004,35.1211282151493
UZB,2005,28.1930129369356
UZB,2006,21.3402934781038
UZB,2007,15.7856931548063
UZB,2008,12.7328934026021
UZB,2009,10.9813998389152
UZB,2010,9.96062870930626
UZB,2011,9.08771473593772
UZB,2012,8.55421763916488
UZB,2013,8.27595739471434
UZB,2014,7.64188600841789
UZB,2015,10.7561691092321
VCT,2000,58.9373633309276
VCT,2001,56.5243212755358
VCT,2002,56.4588618541071
VCT,2003,53.9097835277587
VCT,2004,62.0151594609809
VCT,2005,65.4486447467692
VCT,2006,64.1159666750231
VCT,2007,53.323253596736
VCT,2008,56.74090175844
VCT,2009,63.5715317782654
VCT,2010,65.4487189893116
VCT,2011,68.7674888102044
VCT,2012,72.0152762456485
VCT,2013,74.6315923282265
VCT,2014,79.7241491167532
VCT,2015,79.2886962589706
VEN,2000,28.2414388452847
VEN,2001,31.7241513671216
VEN,2002,55.0315777515556
VEN,2003,55.8168027773639
VEN,2004,42.1740883658385
VEN,2005,35.5648664536794
VEN,2006,25.6581830056914
VEN,2007,26.3644145880131
VEN,2008,20.3113203366019
VEN,2009,27.5736404723603
VEN,2010,36.4605624503517
VEN,2011,50.5704146753238
VEN,2012,58.0918161189477
VEN,2013,73.7024183321575
VEN,2014,63.4893093687043
VEN,2015,41.5006009403101
VNM,2000,41.6636
VNM,2001,39.8961
VNM,2002,40.7523
VNM,2003,44.2952
VNM,2004,43.3919
VNM,2005,36.5415360197171
VNM,2006,38.4068991086889
VNM,2007,40.8971520459538
VNM,2008,39.4189074449676
VNM,2009,45.1666012834821
VNM,2010,48.0840053578092
VNM,2011,45.786618532419
VNM,2012,47.9214610653152
VNM,2013,51.8298955836807
VNM,2014,55.1337331776878
VNM,2015,58.2526543649326
VUT,2000,38.6657
VUT,2001,37.8236
VUT,2002,41.9319
VUT,2003,36.1548
VUT,2004,31.7151
VUT,2005,24.6756
VUT,2006,21.7583
VUT,2007,18.6607
VUT,2008,20.6124304056357
VUT,2009,20.5209085185128
VUT,2010,19.355185463327
VUT,2011,20.7074626444485
VUT,2012,21.7493613201685
VUT,2013,20.5676818463649
VUT,2014,19.3162470388957
VUT,2015,25.6307307446186
WSM,2000,65.5278479441742
WSM,2001,62.3828713675779
WSM,2002,58.1652012433514
WSM,2003,50.0521295831682
WSM,2004,47.4554587180734
WSM,2005,40.0246388318265
WSM,2006,39.339167550432
WSM,2007,36.092521373916
WSM,2008,28.9059000830587
WSM,2009,35.8989157398232
WSM,2010,49.8671635878368
WSM,2011,49.1473696495321
WSM,2012,52.0618601441696
WSM,2013,53.5393035101829
WSM,2014,54.4036467695625
WSM,2015,57.7801266329389
YEM,2000,60.8407450318148
YEM,2001,60.5685780376764
YEM,2002,57.8272275593712
YEM,2003,56.8230116397574
YEM,2004,52.0680944426196
YEM,2005,43.8007104987594
YEM,2006,40.8423716628606
YEM,2007,40.407905841435
YEM,2008,36.4212660335396
YEM,2009,49.842357838477
YEM,2010,42.3795725343077
YEM,2011,45.7259848053261
YEM,2012,47.3123779304882
YEM,2013,48.1997622316507
YEM,2014,48.7221463997642
YEM,2015,66.6709416234254
ZAF,2000,43.3167994725359
ZAF,2001,42.4018108405726
ZAF,2002,35.5473130337272
ZAF,2003,35.4275188834229
ZAF,2004,34.3926648846727
ZAF,2005,33.212302669385
ZAF,2006,31.35511579863
ZAF,2007,27.0606996343213
ZAF,2008,26.5056691189724
ZAF,2009,30.0782756311917
ZAF,2010,34.6751901741189
ZAF,2011,38.2270950527159
ZAF,2012,40.9985340983476
ZAF,2013,43.9855931823734
ZAF,2014,46.8954182794083
ZAF,2015,49.7781289179369
ZMB,2000,226.225
ZMB,2001,197.903
ZMB,2002,204.245
ZMB,2003,183.519
ZMB,2004,19.2620735598015
ZMB,2005,16.7182431214807
ZMB,2006,24.9985683499487
ZMB,2007,21.9317096493444
ZMB,2008,19.1962754020964
ZMB,2009,20.5221489412349
ZMB,2010,18.8919676710769
ZMB,2011,20.8033215819303
ZMB,2012,24.9108420903245
ZMB,2013,25.9147703428917
ZMB,2014,33.6059618923047
ZMB,2015,56.2821924650544
ZWE,2000,70.1007
ZWE,2001,34.2898
ZWE,2002,20.1413
ZWE,2003,44.4636
ZWE,2005,38.5748112072933
ZWE,2006,44.7147276991744
ZWE,2007,50.0605709645314
ZWE,2008,68.8635051800721
ZWE,2009,68.2939784091536
ZWE,2010,63.1922853388366
ZWE,2011,51.7612455375625
ZWE,2012,56.730463307068
ZWE,2013,54.5586588506617
ZWE,2014,55.2729176368652
ZWE,2015,58.8989332240521
