,IDN,ZAF,AUS,AUT,BEL,CAN,CZE,DNK,FIN,FRA,DEU,GRC,HUN,IRL,ITA,JPN,KOR,LUX,MEX,NLD,NZL,NOR,POL,PRT,SVK,ESP,SWE,CHE,TUR,GBR,USA,BRA,CHL,EST,IND,ISR,RUS,SVN,CHN,OECD + Major Six NME,Major Five Asia,Four Big European,G7,NAFTA,OECD - Total,OECD - Europe,Euro area (19 countries),LVA,OECD total ,LTU,ISL,COL
2007-01-31,105.5472,100.7729,99.01794,99.07562,99.33016,99.75426,101.3055,100.2491,98.27377,98.15903,99.44148,98.73257,98.85222,96.52485,98.59193,102.1854,98.28749,,101.6825,99.65849,,100.5615,101.1168,98.23099,104.6711,98.44477,98.3325,97.40794,100.562,100.2659,99.54007,100.2052,101.8812,94.11494,100.5138,99.63902,100.1183,99.62632,104.3397,100.2827,102.3794,99.09921,99.82395,99.73507,99.75227,99.19532,98.85168,,,,,
2007-02-28,105.684,100.856,99.11582,99.1248,99.48298,99.91447,101.2566,100.4048,98.77249,98.06331,99.5799,99.28896,99.05794,96.25956,98.50375,102.1897,97.9333,,101.946,99.74708,,100.6451,101.0313,98.23757,104.8444,98.50768,98.51905,97.38775,100.6235,100.3086,99.61304,100.2815,101.8589,94.66213,100.4273,99.55607,100.4434,99.96822,104.514,100.3539,102.4045,99.11384,99.8687,99.83406,99.80524,99.24165,98.89782,,,,,
2007-03-31,105.8906,100.9538,99.23582,99.15506,99.62228,100.0766,101.2294,100.5574,99.17992,97.94511,99.7179,99.86641,99.25267,96.11345,98.43369,102.1472,97.70045,,102.0981,99.87925,,100.7475,100.926,98.3466,104.8438,98.62428,98.76445,97.45397,100.857,100.3585,99.68745,100.3693,101.8582,95.23885,100.3445,99.51311,100.7455,100.3108,104.4439,100.4101,102.3608,99.12887,99.90631,99.92297,99.85934,99.30602,98.9518,,,,,
2007-04-30,106.161,101.0062,99.33706,99.17712,99.72308,100.2553,101.2176,100.6752,99.74503,97.83633,99.84342,100.335,99.43869,96.11163,98.39574,102.0483,97.59125,,102.0376,100.0444,,100.853,100.8392,98.56655,104.6723,98.77326,99.03545,97.60065,101.2254,100.3991,99.77155,100.4825,101.8522,95.86192,100.2688,99.49537,101.0239,100.6143,104.1407,100.4491,102.2479,99.14706,99.94032,99.99929,99.91035,99.38599,99.01631,,,,,
2007-05-31,106.4837,100.9987,99.41595,99.22172,99.77034,100.4371,101.2161,100.7532,100.2373,97.78837,99.96889,100.6415,99.64394,96.25239,98.41555,101.9128,97.60091,,101.9036,100.2336,,100.9501,100.8218,98.8644,104.3079,98.93962,99.30565,97.81868,101.7116,100.4375,99.8617,100.6105,101.8721,96.62558,100.2025,99.53352,101.2914,100.8512,103.6768,100.4836,102.0921,99.19151,99.97987,100.0733,99.96859,99.49022,99.10252,,,,,
2007-06-30,106.8486,100.9546,99.49338,99.31345,99.78854,100.6168,101.1984,100.798,100.6498,97.81326,100.1031,100.8103,99.89699,96.51752,98.50368,101.7518,97.68739,,101.6519,100.4342,,101.0427,100.9021,99.15233,103.7748,99.10468,99.54518,98.12775,102.2686,100.4836,99.96725,100.7389,101.8958,97.59995,100.1458,99.62528,101.5459,101.0168,103.1102,100.5191,101.9098,99.27235,100.0343,100.1477,100.037,99.62147,99.21484,,,,,
2007-07-31,107.2146,100.8832,99.54924,99.44083,99.83276,100.7887,101.1142,100.8021,100.9864,97.91313,100.2315,100.8926,100.1669,96.8964,98.63245,101.585,97.81863,,101.4916,100.6263,,101.1465,101.0691,99.33957,103.1615,99.25565,99.73088,98.4971,102.7668,100.5332,100.0964,100.8427,101.9484,98.79989,100.0973,99.73909,101.7632,101.1351,102.5532,100.5629,101.7306,99.37808,100.107,100.2513,100.1226,99.76426,99.3434,,,,,
2007-08-31,107.4843,100.7834,99.58706,99.59684,99.91565,100.9606,100.9273,100.7677,101.2441,98.05511,100.3552,100.9428,100.4283,97.39952,98.79038,101.4166,97.98051,,101.5299,100.7963,,101.2614,101.2996,99.44104,102.628,99.40309,99.87756,98.88705,103.1282,100.58,100.2355,100.9144,102.0532,100.2501,100.0546,99.83609,101.9464,101.1965,102.0398,100.6133,101.5565,99.49785,100.1888,100.3829,100.2197,99.90708,99.48324,,,,,
2007-09-30,107.5684,100.6742,99.66633,99.76794,100.0518,101.1441,100.6536,100.7062,101.4195,98.22919,100.4704,100.9576,100.6675,98.0276,98.98565,101.2502,98.17162,,101.6657,100.9379,,101.3647,101.5351,99.49365,102.2216,99.5548,99.99581,99.28509,103.3529,100.6251,100.38,100.9449,102.1477,101.9378,100.0154,99.91781,102.1259,101.2052,101.4422,100.6556,101.3427,99.63017,100.2781,100.5293,100.3235,100.0481,99.63459,,,,,
2007-10-31,107.4438,100.575,99.81799,99.92959,100.2315,101.3269,100.3462,100.6303,101.5347,98.44361,100.5636,100.9987,100.887,98.72986,99.20662,101.078,98.35784,,101.7724,101.053,,101.4414,101.7138,99.52097,101.9256,99.71782,100.1267,99.70577,103.4781,100.6657,100.5247,100.9222,102.2251,103.7865,99.97604,99.99429,102.3052,101.1835,100.7343,100.6804,101.0733,99.76907,100.3686,100.6729,100.4255,100.1867,99.7943,,,,,
2007-11-30,107.0436,100.494,99.9985,100.0719,100.4282,101.4777,100.0742,100.5664,101.5947,98.69493,100.6538,101.0586,101.091,99.40811,99.45317,100.8787,98.46941,,101.9413,101.1397,,101.482,101.8223,99.55565,101.7332,99.89223,100.2801,100.0813,103.5602,100.7001,100.663,100.8461,102.2521,105.7915,99.93279,100.0511,102.436,101.1585,99.98568,100.6867,100.748,99.91991,100.4546,100.8152,100.5226,100.3273,99.96555,,,,,
2007-12-31,106.3045,100.4179,100.1626,100.2012,100.6282,101.5686,99.84756,100.5373,101.6065,98.94625,100.7387,101.1244,101.261,100.0081,99.73,100.6353,98.41413,,102.1843,101.1948,,101.4999,101.8218,99.71923,101.6314,100.0646,100.4388,100.4108,103.5881,100.7329,100.7837,100.7153,102.2398,107.8864,99.88262,100.0598,102.4417,101.1797,99.2958,100.6677,100.3753,100.0755,100.5245,100.9457,100.6031,100.464,100.1414,,,,,
2008-01-31,105.2711,100.3269,100.2825,100.3188,100.8198,101.5607,99.68263,100.5635,101.5708,99.17781,100.8233,101.1494,101.3773,100.5077,100.0145,100.3431,98.12667,,102.465,101.2179,,101.4986,101.7317,99.91043,101.6105,100.2327,100.5688,100.6963,103.4988,100.7714,100.8698,100.5297,102.1758,109.6551,99.82413,100.0179,102.2413,101.2192,98.70941,100.6127,99.9659,100.2295,100.5661,101.0441,100.6516,100.5862,100.3098,,,,,
2008-02-29,104.0432,100.2116,100.3583,100.4242,100.9981,101.4732,99.52381,100.6375,101.4874,99.38283,100.9041,101.1001,101.4473,100.9318,100.2969,100.0093,97.58886,,102.7339,101.2171,,101.467,101.5428,100.1587,101.6335,100.3976,100.6558,100.9587,103.2879,100.8085,100.927,100.2849,102.0157,110.6145,99.75784,99.93555,101.8204,101.2358,98.23946,100.5233,99.53522,100.3754,100.5819,101.1116,100.6664,100.6882,100.4657,,,,,
2008-03-31,102.6978,100.0778,100.3705,100.511,101.1485,101.3309,99.33428,100.7382,101.3485,99.5544,100.9657,100.9722,101.4897,101.3367,100.5305,99.64104,96.86917,,102.7493,101.1981,,101.3846,101.2296,100.4278,101.6561,100.5717,100.6876,101.1994,102.9497,100.8312,100.9568,99.97832,101.7501,110.4679,99.68478,99.81413,101.2087,101.2284,97.88292,100.3932,99.09801,100.4932,100.5676,101.1273,100.6353,100.7557,100.5938,,,,,
2008-04-30,101.2784,99.94029,100.3359,100.5765,101.218,101.1624,99.1276,100.8339,101.1593,99.70287,101.0063,100.7516,101.5329,101.6801,100.713,99.26871,96.08854,,102.4848,101.1664,,101.2414,100.7978,100.674,101.6486,100.7534,100.6818,101.4232,102.5229,100.8325,100.954,99.61992,101.4039,109.4586,99.60686,99.68434,100.4878,101.1797,97.62486,100.2307,98.67439,100.5824,100.5273,101.0865,100.5637,100.7885,100.6916,,,,,
2008-05-31,99.77029,99.82078,100.3039,100.6423,101.2078,100.9856,98.95914,100.9153,100.9529,99.84467,101.036,100.4307,101.5949,101.9308,100.8395,98.92129,95.38786,,102.0022,101.128,,101.0336,100.2971,100.9072,101.6288,100.9391,100.6616,101.6342,102.114,100.8202,100.9181,99.26289,101.0369,108.0349,99.52766,99.55528,99.75273,101.0891,97.45209,100.054,98.28009,100.651,100.4689,100.9962,100.4686,100.8012,100.7661,,,,,
2008-06-30,98.12264,99.73077,100.2606,100.7163,101.1434,100.7955,98.85147,100.9717,100.7829,99.98312,101.0511,100.0328,101.6451,102.1377,100.9172,98.60206,94.88427,,101.4475,101.0805,,100.7857,99.79515,101.1516,101.6261,101.1293,100.6371,101.81,101.795,100.7885,100.8672,98.97886,100.6358,106.5513,99.45065,99.42504,99.05771,100.942,97.36311,99.88102,97.91956,100.6986,100.4009,100.8853,100.3686,100.8027,100.8226,,,,,
2008-07-31,96.36948,99.65507,100.1857,100.7929,101.0446,100.5835,98.80889,100.9767,100.662,100.1275,101.0477,99.64142,101.6716,102.2451,100.9401,98.30993,94.62212,,100.9511,101.0367,,100.53,99.37045,101.4351,101.6329,101.3203,100.6253,101.9126,101.589,100.7299,100.8007,98.81819,100.2828,105.1235,99.37948,99.29047,98.41735,100.7598,97.39336,99.72429,97.61716,100.723,100.3213,100.7647,100.2698,100.7959,100.8641,,,,,
2008-08-31,94.52056,99.55485,100.0897,100.8501,100.9341,100.3158,98.82063,100.9273,100.5509,100.2818,101.0154,99.30267,101.6557,102.2531,100.8875,98.04913,94.59788,,100.5773,100.9922,,100.2931,99.07638,101.7045,101.6227,101.5044,100.6331,101.9329,101.3782,100.627,100.6992,98.75623,100.0149,103.7067,99.31682,99.14523,97.81932,100.5397,97.55286,99.57707,97.37328,100.7134,100.2176,100.6236,100.1653,100.7702,100.8823,,,,,
2008-09-30,92.70266,99.38057,99.97388,100.8514,100.8195,99.96358,98.81938,100.8077,100.4365,100.4324,100.933,99.06445,101.5835,102.1243,100.7629,97.83062,94.7794,,100.3714,100.9335,,100.0559,98.95905,101.8808,101.5822,101.6745,100.6455,101.8709,101.0143,100.4639,100.5599,98.73277,99.69146,102.2274,99.2655,98.99097,97.26637,100.2845,97.7997,99.4307,97.19024,100.6571,100.0846,100.4621,100.0471,100.7068,100.8653,,,,,
2008-10-31,91.10236,99.10602,99.83108,100.778,100.6758,99.53663,98.75304,100.6003,100.2919,100.5746,100.7934,98.96612,101.4437,101.8053,100.5915,97.65752,95.13329,,100.3366,100.8612,,99.81667,99.01887,101.9605,101.5498,101.8295,100.6245,101.7245,100.4081,100.243,100.3835,98.6813,99.26775,100.7819,99.22874,98.81484,96.78528,100.0266,98.0731,99.28173,97.06812,100.557,99.92477,100.2819,99.91241,100.5997,100.8139,,,,,
2008-11-30,89.98808,98.7421,99.72555,100.635,100.4921,99.08612,98.60902,100.3483,100.1187,100.6827,100.6024,99.01283,101.2438,101.3161,100.4031,97.52953,95.63771,,100.2389,100.7689,,99.56644,99.20342,101.9143,101.5398,101.9735,100.5348,101.5148,99.47121,99.97831,100.1821,98.55684,98.7352,99.5446,99.21053,98.65363,96.42467,99.78249,98.32542,99.13058,97.01905,100.4187,99.74739,100.0729,99.7568,100.446,100.7306,,,,100.6266,
2008-12-31,89.51331,98.34328,99.70615,100.4243,100.2703,98.69521,98.40106,100.0597,99.90115,100.7372,100.3659,99.16274,100.9794,100.6925,100.2239,97.44173,96.27206,,99.884,100.6477,,99.30251,99.44652,101.7734,101.5392,102.1132,100.3611,101.2154,98.23576,99.69819,99.98684,98.33601,98.23557,98.64481,99.21486,98.5411,96.20555,99.50202,98.5444,98.98666,97.05259,100.252,99.57229,99.84734,99.58765,100.2504,100.6188,,,,100.7035,
2009-01-31,89.6487,97.96947,99.71018,100.1675,100.0015,98.42992,98.15471,99.75628,99.64362,100.7219,100.1021,99.29995,100.6649,99.93916,100.067,97.3994,96.98596,,99.27766,100.4876,,99.03963,99.66981,101.5631,101.5484,102.2534,100.1127,100.7923,96.8251,99.45342,99.82245,98.02857,97.85954,98.06056,99.24477,98.47331,96.1218,99.12534,98.74295,98.8616,97.16833,100.0728,99.41956,99.63091,99.41901,100.0253,100.4807,,,,100.8099,
2009-02-28,90.25019,97.68763,99.77151,99.90028,99.70013,98.31629,97.90201,99.44936,99.39265,100.6392,99.84849,99.37212,100.333,99.20837,99.93328,97.41056,97.72986,,98.61371,100.3031,,98.80531,99.83803,101.3021,101.513,102.3963,99.84074,100.3229,95.39604,99.29572,99.72231,97.69456,97.69553,97.62507,99.30195,98.46084,96.16689,98.66682,98.90813,98.77754,97.34718,99.9054,99.31488,99.47272,99.28315,99.79922,100.3316,,,,100.9652,
2009-03-31,91.12014,97.53676,99.90279,99.6693,99.45287,98.35661,97.71806,99.1834,99.23516,100.4954,99.63354,99.39014,100.0343,98.68726,99.82255,97.49473,98.47787,,98.06782,100.1242,,98.62468,99.95318,101.0299,101.3896,102.5355,99.59456,99.92216,94.20256,99.24809,99.72203,97.43226,97.81329,97.20357,99.38702,98.52956,96.32803,98.20078,99.03612,98.76019,97.57272,99.76552,99.28307,99.42014,99.21661,99.60853,100.1908,,,,101.1563,
2009-04-30,92.04494,97.49278,100.0875,99.49937,99.3094,98.51825,97.66533,99.00137,99.18348,100.3444,99.4864,99.41434,99.80471,98.44099,99.74685,97.66479,99.26698,,97.77469,99.98514,,98.51974,100.0512,100.8011,101.1331,102.6459,99.41286,99.69259,93.52275,99.32284,99.82548,97.31453,98.16459,96.73682,99.49995,98.67627,96.5931,97.80993,99.13213,98.82532,97.83183,99.6805,99.33602,99.48762,99.24454,99.49485,100.085,,,,101.3676,
2009-05-31,92.90783,97.51655,100.2463,99.40572,99.28323,98.76375,97.72117,98.94767,99.23313,100.2042,99.40857,99.46924,99.64521,98.43663,99.70766,97.91763,100.1406,,97.67505,99.88855,,98.498,100.162,100.6252,100.6801,102.7068,99.28216,99.65521,93.54185,99.48951,99.99535,97.35086,98.64492,96.16769,99.63958,98.89941,96.95801,97.58244,99.21249,98.96117,98.11931,99.6488,99.4544,99.63563,99.3541,99.46832,100.0173,,,,101.5724,
2009-06-30,93.6825,97.5926,100.3647,99.39048,99.3534,99.04541,97.86442,99.04391,99.35294,100.0848,99.38866,99.53106,99.53798,98.60085,99.70094,98.23901,101.1028,,97.68614,99.8244,,98.54675,100.3005,100.4915,100.073,102.715,99.20586,99.74957,94.16525,99.71283,100.2057,97.52371,99.08201,95.50914,99.8035,99.18809,97.43316,97.54949,99.31052,99.15232,98.43745,99.66054,99.61886,99.83095,99.52286,99.51436,99.98236,,,,101.7281,
2009-07-31,94.43697,97.72707,100.4496,99.44772,99.45692,99.31145,98.07865,99.25568,99.52665,99.97923,99.40707,99.5931,99.47859,98.9332,99.68945,98.60213,102.104,,97.75821,99.78669,,98.63602,100.4552,100.3809,99.41054,102.6827,99.1786,99.90148,95.11951,99.95966,100.4202,97.81259,99.45793,94.95889,99.98869,99.48875,98.0127,97.67728,99.4509,99.3735,98.77728,99.69328,99.799,100.0344,99.71601,99.60297,99.96465,,,,101.8228,
2009-08-31,95.23544,97.92868,100.5254,99.57416,99.59801,99.53505,98.38092,99.52222,99.76115,99.9229,99.45718,99.66804,99.47097,99.27155,99.68895,98.96768,103.0781,,97.85121,99.78173,,98.74242,100.5492,100.3131,98.81463,102.6224,99.19671,100.0665,96.11302,100.1985,100.6129,98.20486,99.79932,94.62435,100.1922,99.78445,98.67233,97.99805,99.65629,99.6105,99.14428,99.7485,99.97541,100.2189,99.90958,99.71332,99.97413,,,,101.8338,
2009-09-30,96.10116,98.19042,100.5985,99.76907,99.76511,99.70152,98.75227,99.77941,100.0483,99.97023,99.53857,99.77454,99.51303,99.56256,99.69931,99.31921,103.9594,,98.04434,99.81616,,98.86765,100.5404,100.302,98.32636,102.5494,99.26403,100.2508,96.96285,100.4144,100.7811,98.66762,100.0561,94.49715,100.4103,100.0483,99.35963,98.47169,99.89732,99.85448,99.52087,99.83505,100.1465,100.3896,100.0991,99.83889,100.0229,,,,101.7593,
2009-10-31,97.00614,98.49763,100.6347,100.0277,99.95078,99.81699,99.13548,100.0025,100.4062,100.1296,99.6648,99.86852,99.6216,99.79749,99.76629,99.63679,104.7089,,98.45894,99.8913,,99.02435,100.4541,100.3191,97.89605,102.4818,99.36452,100.4441,97.57323,100.5919,100.9248,99.14081,100.2631,94.54048,100.5965,100.3045,100.0191,98.97186,100.1288,100.0955,99.87222,99.96636,100.3137,100.5592,100.2868,99.98104,100.1244,,,,101.6422,
2009-11-30,97.84554,98.83158,100.6735,100.3395,100.1569,99.8979,99.45844,100.1877,100.8228,100.3961,99.82779,99.93506,99.80353,100.0485,99.88689,99.92545,105.3085,,98.97932,100.0104,,99.22438,100.3279,100.3452,97.57847,102.4344,99.4791,100.6829,98.02914,100.7299,101.0335,99.55795,100.4012,94.73095,100.7884,100.5976,100.6182,99.46736,100.2824,100.319,100.1741,100.1377,100.4723,100.7086,100.4678,100.144,100.2764,,,,101.5288,
2009-12-31,98.53654,99.17684,100.7113,100.6815,100.4002,99.96381,99.69907,100.3405,101.2561,100.7451,100.0043,99.99332,100.0483,100.3769,100.0407,100.1841,105.7352,,99.49195,100.1681,,99.4525,100.2141,100.3945,97.41032,102.4163,99.62546,100.9595,98.49335,100.8234,101.1108,99.89219,100.5524,95.05096,100.9822,100.9372,101.1412,99.88979,100.2924,100.5129,100.395,100.3301,100.6178,100.8301,100.639,100.3285,100.4651,,,,101.4571,
2010-01-31,99.06233,99.50478,100.7021,101.0105,100.6877,100.0432,99.88736,100.4494,101.6663,101.1053,100.2022,100.0542,100.334,100.8213,100.2275,100.4126,105.9547,,99.92214,100.3591,,99.6701,100.1358,100.4748,97.38834,102.4352,99.81981,101.2449,99.10521,100.8695,101.1667,100.1393,100.7314,95.52094,101.1728,101.3048,101.603,100.2013,100.1926,100.6788,100.5408,100.5294,100.7516,100.9266,100.7994,100.5338,100.6786,,,,101.444,
2010-02-28,99.52055,99.79333,100.6627,101.3002,101.0099,100.1482,100.0417,100.5125,102.0722,101.4392,100.4153,100.1416,100.649,101.3745,100.4449,100.6098,105.9737,,100.2527,100.5717,,99.842,100.0849,100.6084,97.45924,102.4932,100.0663,101.5485,99.98528,100.869,101.2162,100.3185,100.9438,96.13625,101.3546,101.6677,102.0383,100.4372,100.0468,100.8298,100.6401,100.7248,100.8769,101.0093,100.9538,100.7597,100.907,,,,101.4976,
2010-03-31,99.99835,100.0361,100.6304,101.5294,101.3608,100.2861,100.2003,100.5471,102.5091,101.7372,100.6415,100.2515,100.978,101.9717,100.6605,100.7845,105.8212,,100.5909,100.7831,,99.9761,100.04,100.8045,97.58017,102.5769,100.3653,101.8409,101.1063,100.8321,101.2677,100.4474,101.1899,96.84237,101.5194,102.0319,102.48,100.632,99.90552,100.9784,100.7207,100.9083,100.9967,101.0967,101.1077,100.9964,101.1375,,,,101.5988,
2010-04-30,100.4977,100.2295,100.6325,101.7056,101.7188,100.4569,100.3819,100.5712,103.0009,101.9965,100.8738,100.3422,101.3121,102.5871,100.8506,100.9438,105.5471,,100.8722,100.979,,100.0927,99.98756,101.0211,97.70679,102.6594,100.7174,102.0937,102.388,100.7707,101.322,100.5443,101.4119,97.59122,101.6581,102.3877,102.9398,100.8517,99.80288,101.1241,100.7975,101.0742,101.1106,101.1831,101.2559,101.2313,101.3563,,,,101.7333,
2010-05-31,100.9576,100.3737,100.612,101.8456,102.0419,100.6377,100.5891,100.6016,103.548,102.2139,101.1053,100.4012,101.6306,103.201,101.0107,101.0842,105.1563,,101.0822,101.1558,,100.2028,99.89703,101.2429,97.81392,102.7232,101.1155,102.2874,103.7186,100.6912,101.3606,100.6323,101.5479,98.38026,101.7613,102.7041,103.4003,101.1248,99.74139,101.2544,100.8629,101.2197,101.2079,101.2499,101.3836,101.4519,101.5559,,,,101.8775,
2010-06-30,101.3289,100.4672,100.5237,101.9495,102.2803,100.8002,100.8428,100.6418,104.0824,102.4028,101.3312,100.4487,101.9075,103.7848,101.1528,101.2095,104.6839,,101.2697,101.3118,,100.3125,99.76527,101.4755,97.91479,102.7647,101.5229,102.3987,104.9342,100.5797,101.3569,100.7254,101.5088,99.1923,101.821,102.9661,103.8176,101.4291,99.71783,101.3568,100.9133,101.346,101.276,101.2782,101.4782,101.6463,101.7367,,,,102.0063,
2010-07-31,101.5707,100.519,100.3843,102.0111,102.4082,100.9376,101.15,100.7025,104.5068,102.5605,101.5509,100.4517,102.1147,104.3337,101.2934,101.2977,104.1736,,101.4021,101.449,,100.4224,99.62836,101.7198,98.03431,102.7698,101.8827,102.4556,105.8897,100.4452,101.2938,100.8337,101.3095,99.89953,101.833,103.1647,104.1418,101.7671,99.70248,101.4149,100.9266,101.4577,101.3039,101.25,101.526,101.8034,101.8963,,,,102.0993,
2010-08-31,101.6234,100.5327,100.1914,102.0298,102.4474,101.0399,101.4421,100.7624,104.7695,102.6806,101.7487,100.4331,102.2366,104.8112,101.4259,101.3461,103.6959,,101.4494,101.5705,,100.5369,99.49268,101.9364,98.18919,102.7175,102.147,102.4705,106.4265,100.3235,101.1991,100.9497,101.0225,100.4591,101.7992,103.2529,104.3332,102.1149,99.6488,101.4273,100.8909,101.5545,101.3044,101.1843,101.5333,101.914,102.0244,,,,102.1697,
2010-09-30,101.4962,100.5207,99.94861,102.011,102.3999,101.0938,101.6716,100.8087,104.8389,102.7593,101.9287,100.3337,102.2893,105.1924,101.5296,101.3531,103.2841,,101.4422,101.676,,100.6614,99.37168,102.1263,98.3449,102.5986,102.2828,102.4436,106.5125,100.2113,101.0818,101.0644,100.6681,100.8454,101.7239,103.212,104.3607,102.41,99.51389,101.3902,100.7955,101.6315,101.2792,101.091,101.5016,101.9702,102.1137,,,,102.2204,
2010-10-31,101.2309,100.4979,99.72758,101.9675,102.2963,101.1055,101.8002,100.8322,104.7113,102.7992,102.084,100.1584,102.2845,105.4495,101.5907,101.3201,102.9005,,101.3455,101.7694,,100.7977,99.23535,102.2458,98.48492,102.4209,102.3231,102.405,106.2662,100.1168,100.9362,101.1768,100.3346,101.1066,101.6151,103.1103,104.2665,102.6275,99.3038,101.3077,100.6455,101.6858,101.2252,100.9621,101.4315,101.9772,102.1613,,,,102.2316,
2010-11-30,100.8946,100.4665,99.58228,101.9046,102.1719,101.0722,101.8166,100.8223,104.4201,102.8125,102.1992,99.93238,102.2308,105.5595,101.6241,101.2634,102.4995,,101.12,101.8453,,100.9385,99.05743,102.3173,98.57946,102.2078,102.3058,102.3973,105.8096,100.0445,100.7708,101.2723,100.0557,101.3238,101.4813,102.9735,104.0937,102.6975,99.04004,101.1909,100.4579,101.7193,101.1494,100.8002,101.3309,101.9464,102.1726,,,,102.2018,
2010-12-31,100.5435,100.4234,99.48305,101.8274,102.0566,100.9763,101.7803,100.7893,104.0302,102.8031,102.2809,99.64764,102.1536,105.5305,101.6483,101.1815,102.0253,,100.8735,101.8942,,101.0708,98.8507,102.4015,98.60989,101.9827,102.2455,102.3836,105.2039,100.0049,100.5864,101.3225,99.89484,101.5526,101.3314,102.7812,103.8653,102.6417,98.71336,101.0466,100.2323,101.7413,101.0543,100.616,101.2079,101.8913,102.1593,,,,102.1484,
2011-01-31,100.2197,100.3684,99.37098,101.7364,101.9725,100.7957,101.7369,100.7114,103.567,102.7774,102.3063,99.32636,102.0638,105.349,101.6574,101.0872,101.44,,100.6527,101.9018,,101.1674,98.64074,102.5052,98.60332,101.7638,102.1483,102.4013,104.4174,100.0012,100.3687,101.3061,99.77611,101.793,101.1738,102.5495,103.5713,102.5216,98.34243,100.8729,99.98175,101.7453,100.9323,100.4008,101.0576,101.8105,102.1185,,,,102.0916,
2011-02-28,99.93448,100.2949,99.23687,101.6267,101.8999,100.5192,101.696,100.5714,103.0918,102.7519,102.26,98.98209,101.9491,104.9721,101.6176,100.9822,100.7257,,100.3604,101.8581,,101.2159,98.45238,102.5754,98.57554,101.5659,102.0083,102.4083,103.3488,100.03,100.1144,101.2331,99.68867,102.0574,101.015,102.2942,103.1838,102.4181,97.96205,100.6644,99.71931,101.7213,100.7781,100.141,100.8687,101.6922,102.0426,,,,102.0384,
2011-03-31,99.66357,100.2054,99.1094,101.5023,101.7998,100.1644,101.6319,100.3545,102.6497,102.7246,102.1384,98.69243,101.8149,104.3845,101.5393,100.8613,99.91879,,99.93321,101.7624,,101.2132,98.29382,102.5687,98.55025,101.3949,101.825,102.3301,101.8859,100.097,99.80678,101.1237,99.62343,102.3187,100.8617,102.0265,102.7137,102.3242,97.63464,100.4204,99.46527,101.6714,100.5848,99.81773,100.6316,101.5303,101.9331,,,,101.9828,
2011-04-30,99.38442,100.118,99.02051,101.3692,101.6454,99.77071,101.5134,100.0774,102.2129,102.6751,101.9532,98.50769,101.6456,103.6841,101.4105,100.7184,99.09335,,99.41872,101.6169,,101.1514,98.12963,102.5099,98.54998,101.2475,101.5823,102.1556,99.98114,100.1805,99.4561,101.0001,99.52048,102.5962,100.7164,101.7814,102.1989,102.2445,97.38525,100.1485,99.2293,101.5874,100.355,99.44714,100.3509,101.3164,101.7889,,,,101.9218,
2011-05-31,99.09715,100.0518,98.96948,101.2036,101.4078,99.38854,101.322,99.786,101.7313,102.585,101.6981,98.42752,101.4244,102.9702,101.2459,100.5475,98.32623,,98.93588,101.4318,,101.0223,97.9272,102.4164,98.58195,101.1097,101.2674,101.8767,97.76185,100.2635,99.07803,100.8757,99.38288,102.8932,100.58,101.5537,101.6966,102.1362,97.1867,99.85899,99.00584,101.4627,100.0948,99.0581,100.0395,101.0508,101.6059,,,,101.8371,
2011-06-30,98.82233,100.0063,98.9754,101.0049,101.0806,99.05125,101.0983,99.49416,101.1642,102.4287,101.373,98.39533,101.1498,102.3744,101.0335,100.3392,97.6917,,98.5792,101.2244,,100.8418,97.70107,102.3047,98.63182,100.976,100.8692,101.5143,95.50873,100.34,98.73344,100.7404,99.24594,103.0619,100.4535,101.3317,101.2591,102.0044,97.03192,99.577,98.79662,101.2875,99.82918,98.7129,99.72894,100.7445,101.3766,,,,101.7002,
2011-07-31,98.57628,99.96175,99.03287,100.7724,100.703,98.78217,100.8348,99.22154,100.5189,102.178,100.9825,98.34493,100.8428,101.9759,100.8183,100.1269,97.25929,,98.41463,101.0068,,100.6432,97.46451,102.153,98.68352,100.8376,100.4031,101.1114,93.509,100.3907,98.46928,100.5645,99.20577,103.0008,100.3367,101.1155,100.8836,101.8641,96.93839,99.32907,98.62455,101.0645,99.58662,98.4586,99.45322,100.4188,101.1064,,,,101.5125,
2011-08-31,98.40024,99.89377,99.12801,100.4993,100.3192,98.59477,100.5527,98.96519,99.87929,101.8346,100.5442,98.26373,100.5115,101.7597,100.6166,99.91949,97.06274,,98.4212,100.79,,100.4471,97.25813,101.9416,98.7672,100.6826,99.87914,100.6714,92.14316,100.4148,98.29881,100.3221,99.32427,102.6665,100.2273,100.883,100.5547,101.6827,96.89896,99.12656,98.4968,100.802,99.37913,98.30496,99.23028,100.1,100.8041,,,,101.2835,
2011-09-30,98.33155,99.80592,99.28999,100.2014,99.978,98.47568,100.2396,98.7408,99.28417,101.4272,100.0826,98.17259,100.1558,101.6964,100.43,99.7091,97.04297,,98.45794,100.58,,100.2722,97.11417,101.6282,98.93127,100.503,99.33926,100.2164,91.69239,100.4161,98.21357,100.0046,99.52153,102.1696,100.1244,100.6217,100.2574,101.4484,96.8647,98.9649,98.39307,100.5157,99.20615,98.22969,99.06015,99.81649,100.4844,,,,100.8911,
2011-10-31,98.70528,99.71148,99.52193,99.90107,99.70187,98.39835,99.92635,98.57004,98.7357,100.9776,99.62995,98.13165,99.78271,101.6537,100.265,99.50023,97.12696,,98.51366,100.3726,,100.1156,97.04067,101.2109,99.17215,100.2996,98.83724,99.75587,91.99508,100.3994,98.18739,99.61975,99.74748,101.6216,100.0261,100.3529,99.95927,101.1692,96.79908,98.84058,98.32611,100.2238,99.06105,98.20809,98.93329,99.57354,100.1632,,,,100.4835,
2011-11-30,99.12977,99.62244,99.76693,99.61297,99.48248,98.34505,99.6542,98.45293,98.27193,100.5105,99.20385,98.1636,99.41061,101.5361,100.0958,99.28652,97.27544,,98.61441,100.1596,,99.96615,97.04316,100.7243,99.47715,100.0749,98.41296,99.25952,92.64685,100.3656,98.16421,99.21173,99.92474,100.9433,99.9228,100.0953,99.62443,100.8893,96.70843,98.72346,98.25719,99.93193,98.91764,98.19534,98.82101,99.35445,99.84566,,,,100.0803,
2011-12-31,99.55207,99.55037,99.98835,99.34893,99.28246,98.33091,99.4696,98.3991,97.931,100.053,98.83322,98.25053,99.07671,101.3009,99.91313,99.0821,97.48944,,98.81188,99.94717,,99.82339,97.12299,100.1923,99.80733,99.84457,98.08294,98.71162,93.39407,100.32,98.11884,98.84655,100.0639,100.1644,99.82243,99.87141,99.2495,100.6112,96.60513,98.61191,98.19183,99.65501,98.77186,98.17701,98.71735,99.15639,99.54457,,,,99.69088,
2012-01-31,99.87418,99.53018,100.1734,99.13113,99.08218,98.38152,99.38578,98.40316,97.76294,99.64102,98.53731,98.34013,98.82905,100.9947,99.7249,98.89362,97.79356,,99.04678,99.7463,,99.68706,97.23074,99.68958,100.0997,99.62685,97.86044,98.18716,94.1537,100.2803,98.05429,98.58451,100.1209,99.40249,99.72584,99.67576,98.86201,100.3621,96.53094,98.51495,98.13969,99.4131,98.6339,98.15147,98.62724,98.99052,99.27818,,,,99.33532,
2012-02-29,100.0041,99.5951,100.3162,98.97983,98.89935,98.51512,99.40114,98.42242,97.79057,99.3115,98.32359,98.41806,98.69592,100.7021,99.54385,98.73331,98.20544,,99.24411,99.57778,,99.57565,97.3314,99.29226,100.332,99.42439,97.73158,97.72137,94.91129,100.2656,98.01194,98.44881,100.0552,98.77494,99.63437,99.51302,98.48949,100.1562,96.51981,98.44965,98.10961,99.22411,98.53181,98.14648,98.56918,98.86981,99.0641,,,,99.01377,
2012-03-31,99.9651,99.75633,100.4873,98.91587,98.78584,98.7588,99.49501,98.46906,97.97264,99.10551,98.22314,98.50565,98.69002,100.5056,99.41355,98.62443,98.7564,,99.48032,99.47559,,99.49235,97.42643,99.03619,100.4901,99.22689,97.69228,97.41705,95.7599,100.2769,98.06348,98.44664,99.87694,98.31478,99.55025,99.41492,98.17667,100.0082,96.59335,98.4545,98.12086,99.11757,98.51387,98.23095,98.58836,98.82238,98.93264,,,,98.71824,
2012-04-30,99.87103,99.98869,100.6579,98.94142,98.80637,99.12904,99.63033,98.58034,98.25356,99.02564,98.24422,98.6054,98.7895,100.3858,99.36799,98.57688,99.43979,,99.76704,99.47245,,99.44582,97.52219,98.92758,100.589,99.0237,97.74863,97.3791,96.74665,100.3255,98.23537,98.57413,99.55544,97.9838,99.47456,99.41732,97.96575,99.93172,96.75246,98.54585,98.18653,99.10689,98.59919,98.42908,98.7012,98.86272,98.89545,,,,98.43998,
2012-05-31,99.82655,100.2499,100.7871,99.03975,98.96408,99.5737,99.72977,98.77359,98.56014,99.04288,98.3737,98.71515,98.95847,100.2757,99.40961,98.59559,100.1951,,100.1356,99.56437,,99.42912,97.64368,98.93106,100.6055,98.8123,97.88339,97.5984,97.72717,100.4017,98.50636,98.79863,99.1157,97.76469,99.40625,99.51862,97.87856,99.89186,96.97929,98.71102,98.30671,99.17958,98.77221,98.7227,98.89066,98.97198,98.93941,,,,98.18252,
2012-06-30,99.91449,100.4807,100.8694,99.18216,99.24036,100.0303,99.76447,99.0252,98.83511,99.09837,98.57659,98.86941,99.14154,100.1385,99.51261,98.68401,100.9455,,100.4308,99.7231,,99.43349,97.80511,99.0294,100.5128,98.59647,98.07523,98.00397,98.59562,100.5024,98.82144,99.06123,98.5845,97.63698,99.3449,99.64787,97.90704,99.88761,97.2561,98.91631,98.47815,99.30433,98.99461,99.04607,99.11524,99.12054,99.03437,,,,97.93924,
2012-07-31,100.1621,100.6488,100.892,99.3393,99.58085,100.4272,99.74537,99.27731,99.01158,99.15009,98.82272,99.10307,99.27856,99.94151,99.64587,98.83453,101.6133,,100.6495,99.90522,,99.44286,97.97701,99.19465,100.308,98.39037,98.28854,98.48531,99.25558,100.5994,99.12263,99.29702,98.08909,97.71151,99.28895,99.7301,98.0223,99.88875,97.58073,99.12956,98.6973,99.44872,99.22421,99.34601,99.33646,99.27438,99.15188,,,,97.72625,
2012-08-31,100.5385,100.73,100.8577,99.48094,99.90473,100.7025,99.68436,99.48843,99.08104,99.17642,99.04096,99.39233,99.33571,99.68859,99.76957,99.01048,102.1291,,100.7174,100.0596,,99.43903,98.16291,99.39259,100.0036,98.20361,98.47206,98.91319,99.69699,100.6667,99.34732,99.46601,97.7107,98.02396,99.2373,99.70044,98.18542,99.8235,97.95313,99.31204,98.94184,99.56948,99.40878,99.55869,99.5069,99.3984,99.2534,,,,97.56979,
2012-09-30,100.9307,100.7179,100.7653,99.58236,100.1515,100.8211,99.61134,99.62307,99.05632,99.15686,99.17982,99.71848,99.32391,99.37999,99.85203,99.18163,102.4226,,100.4745,100.1436,,99.39419,98.4014,99.52977,99.64274,98.04557,98.58247,99.20312,99.8905,100.6873,99.4398,99.54727,97.42545,98.59108,99.18894,99.60075,98.33023,99.70302,98.31254,99.41966,99.16615,99.6341,99.50517,99.6195,99.5835,99.46584,99.30792,,,,97.48198,
2012-10-31,101.2294,100.6152,100.6242,99.62064,100.2773,100.7866,99.52048,99.66866,98.9883,99.08466,99.23022,100.0034,99.26442,99.03819,99.89628,99.31835,102.4859,,100.014,100.137,,99.2935,98.71368,99.5358,99.31688,97.91505,98.60793,99.26794,99.85338,100.6451,99.38108,99.53927,97.2381,99.28353,99.14336,99.46841,98.41371,99.57521,98.63882,99.43914,99.34422,99.63521,99.49757,99.52239,99.55694,99.46787,99.30664,,,,97.42327,
2012-11-30,101.3465,100.4394,100.4435,99.59669,100.2701,100.6193,99.38954,99.63271,98.90434,98.96526,99.19614,100.1853,99.18405,98.69907,99.90701,99.39689,102.3674,,99.6096,100.0451,,99.14202,99.09007,99.39312,99.05307,97.80633,98.561,99.06358,99.66041,100.5517,99.18022,99.46146,97.10942,100.0061,99.10024,99.29633,98.43894,99.48711,98.93073,99.38099,99.46439,99.5789,99.38948,99.30369,99.44313,99.40998,99.25102,,,,97.36079,
2012-12-31,101.2446,100.2198,100.259,99.52933,100.1582,100.3568,99.28137,99.54564,98.85645,98.82879,99.09546,100.2806,99.10428,98.42962,99.88812,99.42888,102.1412,,99.32158,99.89185,,98.94756,99.47233,99.08292,98.83341,97.72436,98.47746,98.68927,99.48388,100.4352,98.89137,99.34531,97.06731,100.6693,99.05936,99.09924,98.44256,99.48468,99.18615,99.27469,99.53143,99.48498,99.21631,99.01694,99.27956,99.3189,99.15792,,,,97.28124,
2013-01-31,100.9335,99.98222,100.1309,99.45153,99.97491,100.0624,99.187,99.41957,98.88287,98.68074,98.95095,100.3147,99.04945,98.22363,99.84526,99.42689,101.8364,,99.19022,99.70775,,98.72755,99.81904,98.68294,98.64078,97.67419,98.39762,98.26745,99.42676,100.2986,98.58299,99.2138,97.17263,101.2369,99.02177,98.8782,98.45422,99.56309,99.42081,99.15295,99.55787,99.36414,99.01841,98.7274,99.10494,99.21413,99.04333,,,,97.19138,
2013-02-28,100.4535,99.73943,100.0678,99.3912,99.74583,99.77314,99.13266,99.25721,98.99781,98.52527,98.78123,100.3328,99.02171,98.03541,99.77834,99.39832,101.483,,99.24962,99.50769,,98.49786,100.1098,98.31158,98.48976,97.65179,98.34031,97.86545,99.50311,100.135,98.297,99.06881,97.41052,101.5858,98.98875,98.63686,98.48232,99.65108,99.66008,99.03645,99.56079,99.22199,98.82001,98.47581,98.9418,99.10517,98.91865,,,,97.09436,
2013-03-31,99.88424,99.49007,100.0535,99.34554,99.47388,99.50265,99.12936,99.07341,99.1314,98.38316,98.60876,100.3256,99.02618,97.809,99.6707,99.35915,101.0769,,99.41748,99.31101,,98.28306,100.3481,98.02474,98.39167,97.62901,98.30775,97.53728,99.686,99.94033,98.07186,98.90139,97.7739,101.6149,98.96264,98.37791,98.52706,99.73174,99.91238,98.9371,99.55492,99.06614,98.64481,98.28671,98.80291,98.99515,98.78799,,,,97.00231,
2013-04-30,99.33543,99.22861,100.0818,99.29944,99.17434,99.26745,99.1495,98.9117,99.24128,98.24577,98.47069,100.2456,99.0595,97.51756,99.53295,99.32813,100.6085,,99.59241,99.13061,,98.11655,100.5245,97.86172,98.32526,97.59988,98.31101,97.27448,99.79697,99.71852,97.92317,98.72047,98.18928,101.2122,98.94585,98.09315,98.59248,99.73502,100.1748,98.85926,99.55407,98.91017,98.50821,98.16405,98.69022,98.88174,98.66035,,,,96.92051,
2013-05-31,98.88633,98.9454,100.1103,99.24781,98.8545,99.06644,99.16394,98.80508,99.2615,98.08157,98.39384,100.0209,99.11032,97.13851,99.36806,99.31675,100.0598,,99.67645,98.95575,,98.0042,100.6556,97.85692,98.32309,97.56716,98.33759,97.05271,99.67126,99.4864,97.82367,98.54605,98.59317,100.4252,98.94077,97.79609,98.68874,99.60366,100.4157,98.79071,99.5564,98.76017,98.40117,98.07544,98.5871,98.75783,98.53522,,,,96.86044,
2013-06-30,98.55894,98.64457,100.1089,99.18222,98.54514,98.88759,99.11361,98.74644,99.23915,97.8755,98.38657,99.71574,99.17633,96.70636,99.20284,99.33021,99.4523,,99.56917,98.78339,,97.93414,100.7752,97.96495,98.33434,97.55211,98.3612,96.86923,99.32375,99.2828,97.75157,98.3998,98.87894,99.38304,98.94977,97.50519,98.80373,99.35547,100.6217,98.72602,99.56265,98.62988,98.31835,97.99194,98.48661,98.63507,98.42206,,,,96.84085,
2013-07-31,98.36593,98.33964,100.0456,99.11034,98.26827,98.72305,99.01072,98.71198,99.18027,97.65215,98.42802,99.46106,99.24055,96.28093,99.04535,99.36845,98.88444,,99.3573,98.62737,,97.90186,100.874,98.08147,98.34197,97.57488,98.37097,96.70303,98.90934,99.15156,97.71821,98.29139,99.06659,98.50117,98.97507,97.27183,98.91895,99.0602,100.8027,98.67982,99.58646,98.5284,98.26759,97.93131,98.40512,98.5304,98.32765,,,,96.86091,
2013-08-31,98.31284,98.07262,99.97533,99.04848,98.02777,98.61222,98.89265,98.6817,99.15833,97.47168,98.49401,99.38641,99.29285,95.91881,98.91355,99.42831,98.45351,,99.21386,98.5083,,97.91301,100.9532,98.15495,98.30692,97.64948,98.36578,96.58945,98.64478,99.1078,97.75664,98.22919,99.1496,97.83273,99.0183,97.14741,99.02153,98.77461,100.9735,98.67734,99.63811,98.4697,98.27047,97.94079,98.37683,98.46954,98.26862,,,,96.93608,
2013-09-30,98.42164,97.88459,99.93122,99.02385,97.87745,98.59246,98.78644,98.66648,99.21658,97.38391,98.59338,99.51862,99.32851,95.65675,98.82851,99.51427,98.20825,,99.22322,98.43816,,97.97181,101.0355,98.24779,98.22865,97.78323,98.36131,96.56778,98.69044,99.14832,97.89437,98.21522,99.15639,97.48254,99.07917,97.20954,99.13116,98.51572,101.1039,98.73786,99.71327,98.47216,98.34834,98.05417,98.42998,98.47953,98.26911,,,,97.05233,
2013-10-31,98.68823,97.80434,99.89978,99.05417,97.86123,98.66729,98.68501,98.67252,99.34427,97.39015,98.75142,99.80232,99.33948,95.47067,98.78096,99.62632,98.15588,,99.27917,98.41733,,98.07449,101.1238,98.38029,98.07247,97.96252,98.36231,96.67383,99.03285,99.24893,98.1237,98.25541,99.15607,97.42531,99.15524,97.42515,99.26018,98.3252,101.1746,98.85542,99.80463,98.53703,98.49815,98.25494,98.55801,98.56042,98.3335,,,,97.19141,
2013-11-30,99.06802,97.84694,99.88844,99.16433,97.98669,98.8294,98.61877,98.70082,99.52994,97.4772,98.99113,100.1422,99.32718,95.384,98.77619,99.75914,98.28313,,99.45196,98.44496,,98.21617,101.2472,98.52151,97.85558,98.16882,98.35607,96.90546,99.54818,99.39258,98.41653,98.37892,99.12454,97.62796,99.24329,97.76785,99.39759,98.25274,101.2115,99.02418,99.9147,98.66627,98.70624,98.52621,98.74995,98.70517,98.46252,,,,97.34164,
2013-12-31,99.48887,97.9853,99.88412,99.34192,98.26421,99.07483,98.61075,98.74258,99.76857,97.62624,99.28617,100.4904,99.30021,95.38728,98.82119,99.90354,98.54781,,99.74377,98.52545,,98.38999,101.4143,98.65115,97.64423,98.38544,98.33965,97.27358,100.1327,99.55719,98.75825,98.62067,99.0527,98.02013,99.34,98.14245,99.5247,98.32278,101.2277,99.23308,100.0357,98.84362,98.95869,98.85579,98.99096,98.89738,98.6433,,,,97.48849,
2014-01-31,99.8951,98.18258,99.89036,99.56648,98.64909,99.36875,98.6739,98.78576,100.0635,97.8063,99.60605,100.8192,99.24776,95.453,98.9277,100.0611,98.89516,,100.0081,98.65622,,98.57968,101.5795,98.7736,97.47649,98.60571,98.3254,97.73851,100.7544,99.72559,99.13768,98.98539,98.97493,98.50641,99.44177,98.44993,99.63609,98.49088,101.2449,99.46799,100.1666,99.05076,99.24292,99.21748,99.26125,99.11927,98.85934,,,,97.62203,
2014-02-28,100.2878,98.40168,99.89326,99.81009,99.08562,99.69077,98.78332,98.81306,100.4033,98.00026,99.90912,101.0878,99.17504,95.54601,99.08352,100.2203,99.25568,,100.2694,98.8244,,98.78342,101.739,98.90119,97.3869,98.82436,98.31529,98.27246,101.3771,99.88695,99.54359,99.42168,98.941,98.95964,99.54478,98.71052,99.71921,98.65849,101.273,99.7158,100.3019,99.26498,99.54341,99.60287,99.54562,99.35034,99.08733,,,,97.74782,
2014-03-31,100.644,98.61798,99.87892,100.0368,99.51742,100.0079,98.88297,98.8339,100.7578,98.20245,100.1715,101.2648,99.08658,95.64386,99.24197,100.3509,99.59,,100.5196,99.0125,,99.00478,101.8853,99.05568,97.37957,99.03019,98.32626,98.8522,101.9548,100.0436,99.95498,99.85197,98.97689,99.31295,99.64555,98.96544,99.7834,98.7522,101.2993,99.95633,100.4229,99.46724,99.83788,99.99133,99.82312,99.57143,99.30381,,,,97.8763,
2014-04-30,100.936,98.81533,99.84377,100.2203,99.9099,100.3012,98.90714,98.86797,101.0762,98.40517,100.3654,101.352,98.97544,95.73239,99.36525,100.4441,99.87532,,100.7368,99.20913,,99.23207,102.001,99.1792,97.39125,99.21875,98.38447,99.4048,102.3727,100.1962,100.3385,100.2157,99.10461,99.49438,99.74024,99.24658,99.84502,98.72113,101.3112,100.1679,100.5177,99.63847,100.1022,100.3517,100.0694,99.75843,99.486,,,,98.0109,
2014-05-31,101.1854,98.9844,99.8196,100.3543,100.2409,100.5512,98.86945,98.93872,101.3101,98.58909,100.4791,101.3646,98.85129,95.85455,99.43889,100.5046,100.0992,,100.9574,99.40028,,99.45821,102.0882,99.23204,97.41061,99.37781,98.50887,99.89773,102.5539,100.3397,100.6603,100.4836,99.32269,99.48683,99.82549,99.58981,99.90736,98.58225,101.2782,100.3352,100.5769,99.76595,100.316,100.6582,100.2688,99.89746,99.62015,,,,98.15782,
2014-06-30,101.3666,99.12788,99.81974,100.4509,100.4942,100.7468,98.81383,99.07505,101.4419,98.74711,100.5376,101.3255,98.73457,96.04065,99.45972,100.5459,100.2579,,101.1685,99.57236,,99.66468,102.1453,99.26557,97.43996,99.49921,98.67192,100.3236,102.4847,100.4589,100.9026,100.6475,99.62383,99.38576,99.89845,99.97419,99.96116,98.41138,101.1922,100.4525,100.5984,99.85229,100.4734,100.8939,100.4167,99.98985,99.71178,,,,98.32014,
2014-07-31,101.4741,99.24361,99.8359,100.533,100.7064,100.872,98.82017,99.26157,101.4877,98.87938,100.5713,101.2658,98.66002,96.25991,99.45428,100.5815,100.3429,,101.3105,99.72533,,99.83009,102.1687,99.36185,97.55345,99.58829,98.83758,100.6539,102.2404,100.5395,101.0471,100.7198,99.97739,99.26476,99.95776,100.3261,99.99144,98.30756,101.0841,100.5202,100.595,99.91077,100.572,101.0367,100.5111,100.0504,99.78108,,,,98.47591,
2014-08-31,101.5485,99.33833,99.86747,100.6143,100.8685,100.9247,98.90663,99.47346,101.4969,98.99404,100.582,101.1604,98.64244,96.4818,99.44121,100.631,100.3679,,101.3231,99.85989,,99.93681,102.1397,99.51006,97.78475,99.65244,98.99803,100.8531,101.8867,100.576,101.1144,100.7439,100.3232,99.14812,100.0032,100.5947,99.98391,98.33553,100.9617,100.5485,100.5801,99.94613,100.6254,101.0976,100.5605,100.0848,99.83431,,,,98.60205,
2014-09-30,101.6196,99.42454,99.88991,100.6929,100.969,100.9036,99.06556,99.67764,101.5039,99.09772,100.5804,100.9883,98.66394,96.69481,99.44354,100.6859,100.3652,,101.2436,99.97584,,99.99043,102.0239,99.67583,98.05139,99.70392,99.16029,100.8828,101.5271,100.5698,101.1167,100.7614,100.6548,98.9697,100.0354,100.7743,99.93037,98.45875,100.805,100.5439,100.549,99.96878,100.6414,101.0902,100.5735,100.1012,99.87893,,,,98.69418,
2014-10-31,101.7214,99.52187,99.90379,100.7535,101.0043,100.817,99.24925,99.83738,101.5126,99.20834,100.5644,100.713,98.67573,96.90229,99.47163,100.7441,100.3332,,101.1088,100.0717,,100.0145,101.784,99.85216,98.26233,99.75057,99.31557,100.7744,101.2366,100.5359,101.0742,100.7932,100.9738,98.69981,100.0552,100.8576,99.85469,98.61642,100.6408,100.5196,100.5143,99.9879,100.6327,101.0355,100.5609,100.1056,99.91795,,,,98.76283,
2014-11-30,101.8925,99.64297,99.92764,100.7665,101.0049,100.6969,99.41244,99.9744,101.5232,99.33409,100.5353,100.3312,98.68365,97.09158,99.54196,100.7975,100.2885,,100.8561,100.1422,,100.0415,101.4648,99.98682,98.38216,99.80369,99.46107,100.6083,101.0832,100.4919,100.9968,100.8295,101.278,98.42917,100.0649,100.8672,99.77542,98.77719,100.5234,100.4883,100.4986,100.0134,100.6074,100.938,100.5298,100.1105,99.95591,,,,98.84042,
2014-12-31,102.1417,99.79182,99.94916,100.7297,100.9792,100.5621,99.55361,100.1,101.5018,99.4753,100.5022,99.88663,98.68866,97.22956,99.64461,100.8249,100.2424,,100.5212,100.1814,,100.0837,101.1323,100.054,98.41257,99.87624,99.60166,100.4099,101.0912,100.4541,100.89,100.8402,101.5513,98.32067,100.0652,100.8207,99.70763,98.92625,100.461,100.4543,100.5011,100.0497,100.5672,100.8069,100.4851,100.124,99.99471,,,,98.94892,
2015-01-31,102.4536,99.96726,99.97974,100.6555,100.917,100.4241,99.67009,100.2138,101.447,99.61811,100.4632,99.41843,98.71949,97.3158,99.7797,100.8172,100.1867,,100.1606,100.1856,,100.1445,100.8129,100.073,98.42124,99.97021,99.72017,100.1608,101.2409,100.4348,100.7697,100.7972,101.738,98.39607,100.0568,100.7347,99.6504,99.04999,100.4399,100.4197,100.5123,100.0959,100.5185,100.662,100.4338,100.1464,100.0333,,,,99.09008,
2015-02-28,102.8085,100.1509,100.0332,100.5575,100.8071,100.3021,99.79497,100.3285,101.3799,99.7498,100.4146,99.02057,98.77062,97.37243,99.92692,100.7907,100.1164,,99.92467,100.1624,,100.2305,100.5313,100.0495,98.5252,100.0883,99.80747,99.89588,101.4977,100.4369,100.6633,100.692,101.829,98.63503,100.0402,100.6334,99.58253,99.1217,100.4333,100.3922,100.5248,100.1438,100.4747,100.5419,100.3933,100.1767,100.0694,,,,99.26114,
2015-03-31,103.1378,100.3163,100.0927,100.4335,100.6464,100.208,99.95055,100.4504,101.3302,99.85183,100.3469,98.71284,98.82138,97.43138,100.0489,100.7476,100.0296,,99.84495,100.1167,,100.3309,100.2976,99.95779,98.79819,100.2187,99.85957,99.63285,101.7667,100.4566,100.5896,100.5248,101.8296,98.9925,100.0163,100.5267,99.492,99.16273,100.4124,100.368,100.5226,100.1771,100.4404,100.4662,100.3658,100.2013,100.09,,,,99.45339,
2015-04-30,103.3413,100.4426,100.1351,100.2939,100.4157,100.149,100.1198,100.5576,101.2919,99.91728,100.2605,98.50623,98.87589,97.54144,100.1074,100.6986,99.94573,,99.82196,100.06,,100.4241,100.1044,99.78804,99.25929,100.3377,99.88071,99.41282,101.9605,100.4785,100.5578,100.3116,101.7436,99.45859,99.98565,100.4633,99.37791,99.1759,100.3796,100.3418,100.5025,100.1824,100.4171,100.4332,100.3465,100.2064,100.0853,,,,99.67709,
2015-05-31,103.3515,100.5239,100.1359,100.1568,100.1398,100.1193,100.2663,100.6427,101.2344,99.94051,100.1558,98.36157,98.94082,97.74701,100.0899,100.6521,99.88513,,99.74066,100.0051,,100.5037,99.93153,99.51488,99.85051,100.4344,99.87531,99.26951,102.04,100.4914,100.5407,100.0803,101.5712,100.0004,99.94955,100.4452,99.27738,99.17773,100.3287,100.3025,100.4603,100.1532,100.391,100.409,100.3193,100.1849,100.0507,,,,99.934,
2015-06-30,103.136,100.5787,100.0964,100.037,99.83311,100.0934,100.363,100.7095,101.1225,99.91946,100.0195,98.25981,99.01624,98.02357,99.99637,100.6087,99.87602,,99.63535,99.96211,,100.5726,99.76387,99.2037,100.5031,100.5005,99.84526,99.19069,101.9291,100.4895,100.5026,99.85177,101.3432,100.574,99.91029,100.4446,99.22621,99.17767,100.2745,100.2432,100.4014,100.0833,100.3421,100.3652,100.2701,100.1283,99.98214,,,,100.2247,
2015-07-31,102.7652,100.6248,100.0314,99.92994,99.53483,100.0456,100.4285,100.7638,100.9903,99.85591,99.85637,98.16427,99.11304,98.33433,99.85105,100.563,99.92056,,99.42224,99.9289,,100.622,99.63245,98.93819,101.1185,100.5427,99.78531,99.15693,101.6344,100.4656,100.4383,99.64088,101.0821,101.0997,99.87031,100.4247,99.2257,99.21245,100.2404,100.1669,100.3408,99.97891,100.2681,100.2875,100.1951,100.0424,99.8888,,,,100.501,
2015-08-31,102.3052,100.6843,99.95741,99.82992,99.28091,99.97337,100.4758,100.8109,100.8583,99.77048,99.6955,98.08398,99.25661,98.63412,99.68224,100.5283,99.97733,,99.15728,99.90173,,100.6576,99.56898,98.6968,101.596,100.5794,99.71393,99.14992,101.2038,100.4232,100.3618,99.43797,100.8372,101.6071,99.83157,100.3819,99.26571,99.28391,100.2492,100.0882,100.2935,99.86073,100.1843,100.1929,100.1096,99.94452,99.78864,,,,100.748,
2015-09-30,101.85,100.7737,99.88909,99.72645,99.08177,99.88942,100.5451,100.8415,100.7804,99.69331,99.57529,98.07343,99.45126,98.93038,99.49472,100.5141,100.0318,,98.85913,99.88171,,100.6792,99.60657,98.4808,101.8648,100.6267,99.65033,99.15025,100.7357,100.3657,100.3071,99.23248,100.6232,102.0538,99.79598,100.3247,99.3387,99.39486,100.2897,100.0238,100.2647,99.74989,100.1159,100.112,100.0365,99.85671,99.70284,,,,100.9643,
2015-10-31,101.4311,100.8909,99.85297,99.62764,98.96472,99.81817,100.6606,100.8577,100.7783,99.65377,99.51997,98.12143,99.6834,99.20938,99.32835,100.5294,100.1117,,98.6013,99.87212,,100.7073,99.73557,98.2703,101.9309,100.6922,99.61681,99.14471,100.3386,100.3103,100.2989,99.02734,100.4625,102.3917,99.76479,100.28,99.45374,99.49565,100.3463,99.99076,100.2555,99.67368,100.0862,100.0747,100.0002,99.8021,99.65246,,,,101.1624,
2015-11-30,101.0036,101.0264,99.85221,99.54749,98.95181,99.77005,100.8113,100.8932,100.8421,99.67278,99.53933,98.23991,99.95953,99.50166,99.22739,100.5819,100.2471,,98.62205,99.8866,,100.7636,99.91348,98.10098,101.8538,100.7804,99.62162,99.141,100.1174,100.274,100.3335,98.83929,100.3485,102.6806,99.73883,100.2516,99.62264,99.56848,100.4123,100.0019,100.2639,99.65374,100.1019,100.1018,100.0198,99.80173,99.6572,,,,101.3526,
2015-12-31,100.5163,101.1639,99.84875,99.50304,99.0379,99.7487,100.9874,100.9592,100.9295,99.73665,99.63282,98.3921,100.2698,99.80741,99.21393,100.67,100.4413,,98.94263,99.93915,,100.8599,100.0839,98.01547,101.6659,100.8865,99.65413,99.19466,100.147,100.2605,100.3828,98.69099,100.2985,102.9643,99.71882,100.2432,99.82991,99.61267,100.4619,100.0479,100.2758,99.69241,100.1506,100.1724,100.088,99.86036,99.71852,,,,101.5408,
2016-01-31,99.94253,101.2961,99.84766,99.50932,99.22115,99.7617,101.1662,101.0577,101.0024,99.83218,99.78305,98.55288,100.5928,100.1666,99.27458,100.7824,100.6778,,99.44711,100.0335,,100.9733,100.2339,98.05698,101.4221,101.0023,99.70411,99.32276,100.3734,100.2618,100.4479,98.60247,100.3104,103.2391,99.7047,100.2625,100.054,99.67321,100.4789,100.1185,100.2783,99.77631,100.2268,100.2768,100.1941,99.96642,99.82731,,,,101.7239,
2016-02-29,99.30619,101.4108,99.84701,99.56595,99.48132,99.82367,101.341,101.1699,101.0721,99.94733,99.98904,98.69136,100.9023,100.5866,99.38985,100.9122,100.9172,,99.93927,100.1698,,101.0817,100.3692,98.21248,101.1737,101.1175,99.75761,99.57992,100.7017,100.2779,100.5473,98.58131,100.3421,103.5142,99.69611,100.3252,100.272,99.81103,100.4594,100.2071,100.2674,99.89802,100.3365,100.412,100.3302,100.1089,99.9752,,,,101.9057,
2016-03-31,98.69572,101.5045,99.83955,99.66571,99.79722,99.93576,101.5062,101.2971,101.171,100.0835,100.2333,98.77992,101.1644,101.0674,99.53745,101.0521,101.1232,,100.362,100.3386,,101.1774,100.4912,98.43354,100.9662,101.2262,99.82418,99.96899,101.0154,100.3169,100.6967,98.62637,100.3992,103.7987,99.69326,100.4383,100.4868,100.0472,100.4287,100.3156,100.2556,100.0492,100.4834,100.5855,100.4917,100.2738,100.1504,,,,102.0892,
2016-04-30,98.25404,101.5867,99.85226,99.80658,100.1503,100.0804,101.6791,101.428,101.2826,100.2589,100.4921,98.83765,101.3905,101.5732,99.71686,101.1812,101.2526,,100.6573,100.5227,,101.2608,100.6059,98.67496,100.795,101.3243,99.9143,100.4577,101.2038,100.3899,100.8834,98.75297,100.4839,104.0294,99.69707,100.5753,100.7341,100.3881,100.4102,100.4425,100.2556,100.2288,100.6572,100.7796,100.6643,100.4518,100.3463,,,,102.2837,
2016-05-31,98.02328,101.6661,99.86656,99.99232,100.5228,100.2225,101.8386,101.5591,101.3877,100.4546,100.7599,98.91916,101.5935,102.0965,99.92399,101.2955,101.2789,,100.8333,100.714,,101.3389,100.702,98.89938,100.6405,101.4136,100.0504,100.9943,101.2227,100.4893,101.0662,98.96112,100.5528,104.1455,99.70801,100.7282,101.0337,100.8307,100.4169,100.5768,100.273,100.4282,100.8334,100.9587,100.8279,100.6335,100.5558,,,,102.4657,
2016-06-30,97.9509,101.7512,99.8721,100.2222,100.9027,100.3251,101.955,101.6761,101.4943,100.6425,101.0162,99.05076,101.7831,102.5878,100.1455,101.3948,101.1979,,101.0495,100.9021,,101.4001,100.7619,99.09515,100.5156,101.4867,100.2352,101.4862,101.1093,100.5981,101.2113,99.20812,100.5816,104.067,99.72621,100.8791,101.3782,101.2948,100.4555,100.7072,100.3057,100.6274,100.9876,101.1076,100.9696,100.8046,100.7629,,,,102.5811,
2016-07-31,97.97244,101.8465,99.8624,100.468,101.2551,100.371,102.0254,101.7603,101.6099,100.7936,101.2376,99.2373,101.9567,103.0102,100.3624,101.4728,101.0355,,101.3599,101.073,,101.4327,100.8302,99.3083,100.4817,101.5504,100.43,101.8827,100.9225,100.7242,101.3064,99.45065,100.6163,103.8688,99.75119,100.9869,101.7365,101.6979,100.5308,100.8245,100.3508,100.8096,101.1064,101.2201,101.0832,100.9559,100.9509,,,,102.5967,
2016-08-31,98.05043,101.9516,99.85939,100.7125,101.5385,100.3669,102.0402,101.8121,101.7217,100.8928,101.4121,99.42556,102.0959,103.3202,100.5801,101.5233,100.8265,,101.7425,101.2232,,101.451,100.9465,99.56129,100.5295,101.6164,100.62,102.1622,100.7105,100.8551,101.3426,99.65718,100.624,103.6308,99.78133,101.0269,102.0849,102.0142,100.6434,100.9237,100.4065,100.966,101.1823,101.2872,101.1645,101.0854,101.1121,,,,102.5323,
2016-09-30,98.13758,102.0646,99.87874,100.9342,101.7482,100.3223,102.0126,101.8213,101.7962,100.9538,101.5327,99.58936,102.1737,103.5365,100.8046,101.541,100.6058,,102.0578,101.3507,,101.453,101.1165,99.87105,100.6338,101.6919,100.7904,102.2989,100.5056,100.9832,101.3176,99.80715,100.581,103.4596,99.81435,101.0016,102.4069,102.2823,100.7846,100.9973,100.4662,101.0973,101.2138,101.2941,101.2084,101.194,101.2478,,,,102.4456,
2016-10-31,98.21118,102.1725,99.90455,101.1163,101.8664,100.2445,101.9877,101.7838,101.8279,100.9953,101.597,99.76654,102.1873,103.7016,101.014,101.5078,100.4012,,102.1995,101.4611,,101.4489,101.3193,100.2408,100.7842,101.791,100.925,102.3085,100.317,101.1016,101.2542,99.89601,100.48,103.3972,99.84866,100.9245,102.673,102.559,100.9216,101.0407,100.5118,101.2007,101.2087,101.2496,101.2174,101.2829,101.36,,,,102.393,
2016-11-30,98.30446,102.2762,99.96404,101.2563,101.9101,100.1655,102.0161,101.6887,101.8101,101.0627,101.6172,99.97333,102.1404,103.8678,101.197,101.4521,100.2528,,102.132,101.5749,,101.4488,101.5113,100.6352,100.9821,101.9289,101.0352,102.254,100.146,101.2206,101.1932,99.94505,100.3658,103.4436,99.88475,100.8312,102.8885,102.8741,101.0216,101.0685,100.5428,101.2904,101.1969,101.1866,101.2151,101.3638,101.4631,,,,102.4147,
2016-12-31,98.46207,102.3707,100.0842,101.3617,101.8951,100.0996,102.1233,101.5546,101.7441,101.1774,101.6098,100.1961,102.058,104.0896,101.3683,101.403,100.2042,,101.9462,101.6969,,101.4623,101.6515,100.9907,101.2165,102.1153,101.1341,102.187,100.0163,101.3481,101.1571,99.99624,100.2504,103.7952,99.92354,100.7503,103.0577,103.183,101.0809,101.0984,100.572,101.3816,101.1992,101.1337,101.2236,101.4488,101.5698,,,,102.5264,
2017-01-31,98.71494,102.4502,100.2214,101.4379,101.8429,100.0621,102.3132,101.4253,101.6839,101.3438,101.6037,100.4402,101.9377,104.3552,101.5374,101.3773,100.2545,,101.7196,101.8279,,101.4922,101.7391,101.2942,101.4811,102.3491,101.2476,102.1836,100.0405,101.4862,101.1671,100.0732,100.1947,104.4761,99.96575,100.7243,103.1835,103.4725,101.1432,101.1517,100.6234,101.4872,101.233,101.1171,101.2626,101.5558,101.6919,,,,102.7326,
2017-02-28,99.06477,102.517,100.3595,101.498,101.7879,100.062,102.5871,101.3319,101.6583,101.5447,101.623,100.6708,101.7965,104.6696,101.6937,101.373,100.3417,,101.4305,101.9615,,101.5474,101.8059,101.5693,101.7518,102.6149,101.3695,102.2406,100.2276,101.6322,101.232,100.201,100.2747,105.3335,100.0118,100.76,103.285,103.7844,101.2612,101.2376,100.7138,101.6079,101.303,101.1425,101.3339,101.687,101.8296,,,,103.0099,
2017-03-31,99.46739,102.5698,100.4887,101.5552,101.7336,100.1131,102.9192,101.2964,101.665,101.7681,101.6802,100.864,101.6535,105.0539,101.838,101.3842,100.4136,,101.1203,102.0876,,101.6445,101.8638,101.817,101.9996,102.8927,101.4943,102.3419,100.5501,101.7728,101.3305,100.3866,100.511,106.334,100.0617,100.851,103.4039,104.1288,101.4623,101.3539,100.8456,101.742,101.3979,101.1974,101.4278,101.8379,101.981,,,,103.3319,
2017-04-30,99.86318,102.6064,100.5782,101.6216,101.6724,100.2116,103.2674,101.2875,101.7168,101.987,101.7716,101.0384,101.524,105.5168,101.9802,101.4029,100.4441,,100.7607,102.1993,,101.7652,101.9299,102.0451,102.2162,103.1501,101.602,102.4801,100.9699,101.8995,101.4449,100.6194,100.8876,107.3843,100.115,101.0017,103.5545,104.483,101.7533,101.4905,101.0125,101.8822,101.5058,101.2642,101.5305,101.9986,102.1379,,,,103.6759,
2017-05-31,100.1568,102.6254,100.6211,101.7013,101.607,100.3346,103.5761,101.2663,101.8125,102.1962,101.8741,101.2077,101.4166,106.0414,102.121,101.4253,100.4522,,100.3606,102.2987,,101.8789,101.9942,102.2635,102.3612,103.3593,101.696,102.6182,101.3816,102.0109,101.5673,100.8773,101.3632,108.3042,100.1713,101.2202,103.7212,104.8312,102.1126,101.6335,101.1983,102.0199,101.6183,101.3356,101.6316,102.1524,102.2896,,,,104.0414,
2017-06-30,100.3469,102.6288,100.6431,101.7888,101.5646,100.4417,103.7974,101.2282,101.9226,102.3951,101.973,101.3237,101.338,106.5583,102.2378,101.4394,100.4772,,99.9592,102.3827,,101.9732,102.0311,102.4759,102.4312,103.5189,101.8009,102.7408,101.684,102.1045,101.6869,101.1461,101.824,108.8568,100.2311,101.4757,103.8847,105.1398,102.5246,101.7722,101.3967,102.1447,101.7233,101.4032,101.7208,102.2835,102.4248,,,,104.4306,
2017-07-31,100.4813,102.6241,100.6576,101.8722,101.5595,100.5285,103.8959,101.1905,102.0421,102.5597,102.0654,101.3454,101.2808,107.0185,102.3527,101.4364,100.5528,,99.71227,102.4482,,102.0495,102.0124,102.6706,102.4572,103.6419,101.9266,102.8153,101.7964,102.1833,101.8047,101.4311,102.1925,109.1075,100.295,101.7233,104.0514,105.307,102.995,101.915,101.6212,102.2555,101.8195,101.4829,101.8011,102.3836,102.5407,,,,104.8291,
2017-08-31,100.6097,102.6064,100.6518,101.9276,101.5983,100.5964,103.8675,101.1633,102.145,102.6905,102.1529,101.3076,101.2543,107.4118,102.4595,101.3875,100.6813,,99.62975,102.4821,,102.1195,101.9149,102.852,102.4586,103.7409,102.0539,102.8002,101.7993,102.2387,101.9251,101.7241,102.4503,109.0692,100.3632,101.917,104.2126,105.2925,103.5437,102.0613,101.8717,102.3498,101.904,101.5794,101.8717,102.4548,102.6379,,,,105.21,
2017-09-30,100.7607,102.5703,100.6766,101.9515,101.6817,100.6451,103.765,101.1515,102.2339,102.8033,102.2249,101.2851,101.2729,107.7449,102.5326,101.2837,100.8689,,99.70287,102.489,,102.1878,101.7341,103.0248,102.4379,103.8254,102.1639,102.7402,101.7905,102.2561,102.0397,102.0156,102.5766,108.9184,100.4356,102.0484,104.3535,105.1197,104.094,102.2005,102.1169,102.4188,101.9686,101.685,101.9321,102.5028,102.7163,,,,105.5611,
2017-10-31,100.9061,102.507,100.7007,101.9445,101.7826,100.6662,103.6548,101.1812,102.2723,102.8977,102.2722,101.3088,101.3376,108.0048,102.5582,101.1247,101.0882,,99.95605,102.4713,,102.2494,101.5137,103.1731,102.397,103.9025,102.2122,102.6718,101.8691,102.2275,102.1275,102.277,102.5755,108.7843,100.5106,102.1631,104.4653,104.8596,104.5045,102.3078,102.2933,102.4547,102.0,101.784,101.9764,102.5329,102.7713,,,,105.9033,
2017-11-30,101.017,102.4141,100.6976,101.8963,101.8482,100.6584,103.5527,101.2628,102.22,102.9566,102.271,101.3588,101.4152,108.158,102.5256,100.9253,101.2974,,100.2374,102.4268,,102.3168,101.2822,103.2912,102.3755,103.9631,102.1736,102.5802,102.1457,102.1435,102.1702,102.4984,102.4556,108.5419,100.5835,102.2784,104.5531,104.5174,104.6682,102.3577,102.3534,102.4414,101.9865,101.8464,101.9901,102.5398,102.7857,,,,106.2463,
2017-12-31,101.0787,102.2974,100.6834,101.7973,101.835,100.6234,103.4509,101.3671,102.0548,102.9585,102.2103,101.4355,101.4759,108.1874,102.4398,100.7181,101.4435,,100.5336,102.3596,,102.3947,101.0705,103.3806,102.4102,103.9891,102.052,102.459,102.5773,102.0069,102.1526,102.6784,102.237,108.0678,100.6492,102.4231,104.6086,104.0559,104.5592,102.3409,102.2884,102.3722,101.9233,101.8583,101.9658,102.5142,102.7487,,,,106.5927,
2018-01-31,101.0913,102.1554,100.6786,101.6515,101.7365,100.5628,103.3183,101.465,101.7856,102.8833,102.1112,101.5174,101.5091,108.0723,102.3271,100.5435,101.4714,,100.7459,102.27,,102.4601,100.8997,103.4306,102.5266,103.9645,101.8692,102.3263,103.0335,101.8287,102.0717,102.8172,101.9773,107.3289,100.7022,102.5957,104.6224,103.4671,104.2684,102.2662,102.1404,102.2574,101.8183,101.8077,101.9002,102.4518,102.6639,,,,106.8938,
2018-02-28,101.0715,101.9886,100.761,101.4754,101.5844,100.4816,103.1456,101.5399,101.4411,102.7411,102.0,101.6037,101.538,107.8037,102.2087,100.4388,101.3659,,100.6938,102.1686,,102.4935,100.757,103.4533,102.747,103.879,101.6633,102.174,103.4817,101.6197,101.9578,102.932,101.7129,106.4025,100.7368,102.7815,104.6002,102.7536,103.8155,102.1452,101.9256,102.1148,101.6979,101.7023,101.8052,102.3615,102.5462,,,,107.1264,
2018-03-31,101.0067,101.7915,100.851,101.2863,101.4028,100.3804,102.938,101.5803,101.0526,102.5379,101.8952,101.6965,101.6043,107.3791,102.0883,100.4139,101.1111,,100.5247,102.0734,,102.4757,100.6312,103.445,103.1096,103.7164,101.4522,101.9991,103.8773,101.37,101.8317,103.0113,101.4174,105.4377,100.7473,102.9562,104.528,101.9732,103.2443,101.9907,101.6613,101.9504,101.5754,101.5739,101.6935,102.2452,102.4045,,,,107.2744,
2018-04-30,100.8788,101.5559,100.8398,101.0895,101.2297,100.268,102.7073,101.583,100.6474,102.2719,101.789,101.8125,101.7292,106.7914,101.9556,100.4518,100.7165,,100.3844,101.9829,,102.393,100.5018,103.4031,103.6512,103.4627,101.2276,101.8084,104.1841,101.0695,101.6975,103.0422,101.1091,104.4968,100.7292,103.0677,104.3866,101.2285,102.6421,101.8126,101.3781,101.7566,101.4483,101.4408,101.5661,102.0967,102.236,,,,107.2913,
2018-05-31,100.6645,101.2974,100.7217,100.8883,101.0901,100.1604,102.4752,101.5388,100.2462,101.9582,101.6745,101.9229,101.8912,106.1486,101.8272,100.5266,100.2187,,100.3741,101.8948,,102.2638,100.3526,103.3211,104.3536,103.1102,100.9879,101.5445,104.3359,100.7269,101.5633,103.0303,100.8056,103.6825,100.6811,103.0772,104.1695,100.5573,102.0484,101.6188,101.0869,101.5403,101.3195,101.3208,101.4282,101.9149,102.046,,,,107.1364,
2018-06-30,100.3572,101.041,100.5119,100.6873,100.9729,100.0833,102.2427,101.445,99.85293,101.593,101.5441,101.9664,102.0269,105.5175,101.7423,100.6094,99.66631,,100.4083,101.8045,,102.1098,100.1806,103.199,105.1339,102.6638,100.7327,101.2185,104.2708,100.3363,101.4221,102.9919,100.4888,103.0615,100.6046,102.9883,103.8954,100.0089,101.433,101.402,100.7714,101.3053,101.1837,101.2016,101.2722,101.6967,101.8379,,,,106.8302,
2018-07-31,99.94836,100.8036,100.3165,100.4838,100.8559,100.0293,102.0039,101.2956,99.47597,101.1982,101.3812,101.9211,102.065,104.8321,101.6705,100.6868,99.10641,,100.2023,101.701,,101.9565,99.96922,103.0593,105.872,102.1252,100.4729,100.8327,103.937,99.88882,101.2602,102.947,100.1082,102.5359,100.5044,102.8285,103.5949,99.61789,100.759,101.1417,100.408,101.0425,101.0294,101.0433,101.0784,101.4309,101.603,,,,106.4114,
2018-08-31,99.43319,100.5758,100.1918,100.2705,100.7147,99.97097,101.7469,101.0927,99.10928,100.7743,101.1581,101.8112,101.9664,104.1097,101.5855,100.7383,98.57285,,99.79367,101.5785,,101.814,99.70786,102.9201,106.4819,101.4918,100.2011,100.3834,103.2872,99.38316,101.0801,102.877,99.64665,101.9231,100.3872,102.6242,103.252,99.3129,100.0387,100.8402,100.0087,100.7373,100.8484,100.8495,100.8429,101.103,101.3261,,,,105.8841,
2018-09-30,98.86649,100.3186,100.1815,100.0312,100.5241,99.88408,101.4437,100.8315,98.73176,100.3212,100.8482,101.6096,101.7452,103.3575,101.4614,100.7492,98.0791,,99.25223,101.427,,101.6273,99.41087,102.7543,106.8996,100.7697,99.87817,99.92303,102.4043,98.79318,100.8633,102.7468,99.13493,101.1972,100.2618,102.3854,102.8049,99.06794,99.22288,100.4826,99.55627,100.3693,100.622,100.6099,100.5581,100.7042,100.9916,,,,105.2606,
2018-10-31,98.31506,100.0008,100.1646,99.75002,100.282,99.72815,101.0412,100.4932,98.31084,99.82659,100.4335,101.3304,101.4014,102.5674,101.2474,100.6786,97.62666,,98.64227,101.2276,,101.3501,99.10155,102.5079,107.1161,99.98307,99.47452,99.46938,101.2971,98.13505,100.5796,102.4921,98.56385,100.3385,100.1353,102.1076,102.1504,98.86651,98.30087,100.0491,99.04389,99.92281,100.3226,100.3031,100.2045,100.2251,100.5828,,,,104.5562,
2018-11-30,97.82766,99.6153,100.0426,99.40939,99.95624,99.461,100.5227,100.0657,97.8378,99.297,99.88266,101.0164,100.9343,101.7756,100.9232,100.4978,97.21745,,98.0966,100.9436,,100.9377,98.81575,102.0973,107.1115,99.17551,98.99435,98.92577,99.91835,97.44654,100.1872,102.0338,97.88013,99.38562,100.0166,101.7728,101.1731,98.6899,97.29854,99.52417,98.48235,99.3936,99.92275,99.90478,99.76379,99.65882,100.0897,,,,103.759,
2018-12-31,97.45455,99.16757,99.87274,99.00982,99.53803,99.05873,99.88802,99.56395,97.33903,98.74566,99.18846,100.6859,100.3464,100.9971,100.4801,100.1935,96.8827,,97.46772,100.5452,,100.3759,98.56696,101.4717,106.8251,98.4032,98.46301,98.27686,98.22472,96.79043,99.65634,101.3533,97.07367,98.34306,99.91491,101.287,99.8465,98.5574,96.27647,98.9073,97.90272,98.79507,99.40933,99.37382,99.22257,99.01381,99.51563,,,,102.858,
2019-01-31,97.19808,98.68398,99.7123,98.56814,99.01839,98.51018,99.13705,99.01343,96.86881,98.17597,98.35958,100.4181,99.62663,100.1567,99.91481,99.76903,96.6293,,96.66125,100.0228,,99.68127,98.38992,100.5914,106.2079,97.70027,97.90938,97.51453,96.22285,96.22575,98.97043,100.498,96.21596,97.16001,99.83687,100.5863,98.26286,98.38042,95.29922,98.21295,97.33561,98.14378,98.77979,98.68622,98.57865,98.30451,98.86692,,,,101.8925,
2019-02-28,97.02053,98.19744,99.48346,98.11112,98.37354,97.84158,98.25568,98.45685,96.47136,97.58028,97.4171,100.232,98.79459,99.20573,99.24346,99.23691,96.45579,,95.76028,99.37994,,98.91379,98.30592,99.45086,105.2143,97.07112,97.34874,96.66833,93.98683,95.77949,98.1386,99.49469,95.38596,95.74103,99.78742,99.69442,96.6047,98.05158,94.45804,97.47296,96.82099,97.45454,98.04635,97.85982,97.84644,97.54728,98.15054,,,,100.8874,
2019-03-31,96.93967,97.73766,99.14643,97.66628,97.63696,97.12823,97.25716,97.93218,96.18118,96.9796,96.42744,100.0662,97.88778,98.19398,98.48944,98.6234,96.4008,,94.90808,98.65887,,98.17309,98.31915,98.13734,103.8368,96.5212,96.80038,95.81266,91.84634,95.48206,97.22402,98.42886,94.68372,94.14417,99.76853,98.67784,95.06487,97.50571,93.83636,96.74985,96.40492,96.76572,97.25912,96.96668,97.08173,96.79441,97.39954,,,,99.90204,
2019-04-30,96.97594,97.33841,98.80542,97.28291,96.88417,96.47716,96.21787,97.48355,96.04377,96.43571,95.50406,99.8528,96.99609,97.20658,97.7366,97.98044,96.54543,,94.27637,97.93522,,97.54374,98.40472,96.84286,102.1754,96.07143,96.30447,95.04086,90.28849,95.36031,96.34765,97.47822,94.23361,92.54497,99.78135,97.65785,93.79001,96.76146,93.50713,96.13667,96.13742,96.15243,96.51322,96.13182,96.38583,96.13735,96.68941,,,,99.00579,
2019-05-31,97.10667,97.02188,98.53834,97.00948,96.23336,95.98328,95.24664,97.14639,96.07554,95.99735,94.76472,99.60147,96.24037,96.35492,97.10361,97.3787,96.94347,,93.97564,97.28654,,97.0694,98.53152,95.7409,100.4149,95.73368,95.89523,94.44547,89.64232,95.40691,95.61031,96.80315,94.07617,91.23843,99.82495,96.76897,92.83531,95.94373,93.49658,95.70451,96.04678,95.68768,95.89564,95.45656,95.8466,95.65855,96.10461,,,,98.23704,
2019-06-30,97.30827,96.80631,98.36633,96.85275,95.78903,95.72536,94.46873,96.94916,96.26971,95.71491,94.29848,99.3621,95.70065,95.73721,96.65872,96.894,97.59502,,93.99721,96.79299,,96.75849,98.66411,94.9338,98.72493,95.52496,95.60289,94.08966,89.9215,95.58331,95.07684,96.48053,94.20287,90.36449,99.89689,96.09662,92.19849,95.17922,93.80833,95.49044,96.14876,95.41755,95.46732,94.99939,95.51506,95.40143,95.71048,,,,97.5796,
2019-07-31,97.59595,96.70312,98.27354,96.8057,95.58066,95.72363,94.00607,96.90813,96.60965,95.59893,94.12837,99.22504,95.40189,95.34267,96.41355,96.59422,98.43829,,94.3931,96.48769,,96.59833,98.77277,94.47825,97.24445,95.466,95.43939,93.99902,90.99823,95.88985,94.78329,96.50658,94.56348,89.9398,99.99405,95.72653,91.85034,94.52447,94.38419,95.51281,96.45059,95.35565,95.26189,94.79769,95.41791,95.37591,95.52887,,,,97.01786,
2019-08-31,97.99084,96.70419,98.28379,96.87907,95.62814,95.97288,93.90807,97.03758,97.07467,95.67566,94.25896,99.25107,95.34365,95.1326,96.37681,96.5136,99.33372,,95.19509,96.38488,,96.57529,98.83687,94.40556,96.13913,95.58525,95.41112,94.208,92.64702,96.33207,94.75283,96.8249,95.13729,89.91653,100.1125,95.63905,91.76274,94.06806,95.14139,95.74906,96.896,95.51154,95.29768,94.87264,95.55918,95.57804,95.57584,,,,96.56333,
2019-09-30,98.46307,96.79347,98.40534,97.08105,95.91415,96.44424,94.12801,97.31318,97.65463,95.93702,94.66904,99.45123,95.4985,95.09726,96.55275,96.63076,100.1927,,96.3184,96.47257,,96.66316,98.86038,94.69898,95.49331,95.87541,95.52405,94.7049,94.5369,96.90443,94.97432,97.35669,95.90182,90.27216,100.2476,95.77939,91.89576,93.92987,96.02137,96.16689,97.44473,95.87606,95.56194,95.2043,95.91297,95.97842,95.84369,,,,96.22662,
2019-10-31,98.95783,96.95166,98.58279,97.39508,96.39352,97.06625,94.57355,97.68597,98.31998,96.33404,95.3089,99.78673,95.84422,95.17841,96.91035,96.89172,100.94,,97.56818,96.71281,,96.84324,98.86823,95.33596,95.26597,96.30939,95.78052,95.44292,96.30821,97.57581,95.37405,97.9938,96.82059,90.87508,100.3933,96.06831,92.2021,94.1429,96.98186,96.70595,98.05602,96.40793,95.99463,95.70686,96.41034,96.52013,96.2923,,,,96.00327,
2019-11-30,99.42667,97.15553,98.80191,97.80075,96.99644,97.78149,95.16707,98.09338,99.03801,96.81404,96.10326,100.1981,96.32813,95.29102,97.39624,97.2377,101.5729,,98.8382,97.06091,,97.08315,98.88006,96.20664,95.35732,96.84296,96.15314,96.33272,97.7113,98.32684,95.87936,98.64883,97.7802,91.57008,100.5433,96.48189,92.62366,94.64681,97.97973,97.30892,98.693,97.05476,96.53242,96.30538,96.9865,97.13972,96.86209,,,,95.87883,
2019-12-31,99.82729,97.38495,99.06747,98.25568,97.64944,98.52705,95.86092,98.48475,99.78547,97.36111,96.96478,100.6191,96.89161,95.35825,97.92686,97.61489,102.1027,,100.0066,97.48455,,97.35914,98.90992,97.23226,95.67701,97.43564,96.60467,97.29518,98.69469,99.12566,96.42783,99.26714,98.69066,92.26595,100.6925,96.98752,93.11779,95.31963,98.92572,97.91953,99.30006,97.75951,97.11594,96.93141,97.58572,97.78556,97.49325,,,,95.80876,
2020-01-31,100.1119,97.62892,99.39394,98.71633,98.30228,99.23264,96.57859,98.81883,100.5149,97.94965,97.80466,100.9936,97.475,95.35354,98.45129,97.98727,102.518,,100.9633,97.95412,,97.64387,98.97339,98.31228,96.13715,98.05585,97.06951,98.26943,99.37034,99.91362,96.97855,99.82948,99.51104,93.02907,100.8366,97.52505,93.6616,96.06326,99.70921,98.48944,99.81348,98.46296,97.69765,97.53483,98.16587,98.41689,98.13227,,,,95.7555,
2020-02-29,100.2739,97.88161,99.70815,99.1459,98.94376,99.84789,97.24581,99.09654,101.2,98.55039,98.55237,101.2892,98.0351,95.30003,98.965,98.34573,102.7982,,101.6233,98.42625,,97.91838,99.07092,99.32538,96.61923,98.67519,97.54346,99.18326,99.88118,100.6331,97.50266,100.3259,100.1269,93.83275,100.9717,98.05799,94.23762,96.82741,100.3053,98.99308,100.2174,99.12097,98.24563,98.07945,98.69651,99.00629,98.74034,,,,95.72476,
2020-03-31,100.3399,98.13974,99.96526,99.52635,99.56789,100.3519,97.83133,99.34657,101.7949,99.09247,99.17789,101.4868,98.54501,95.25933,99.43283,98.67579,102.9353,,101.9108,98.87077,,98.17349,99.20132,100.1859,97.02698,99.25256,98.02437,99.9735,100.2962,101.228,97.98483,100.7527,100.5061,94.5994,101.0947,98.58609,94.83497,97.57018,100.7389,99.41785,100.5215,99.68695,98.73412,98.54342,99.15288,99.52275,99.2779,,,,95.7297,
2020-04-30,100.3314,98.39681,100.1636,99.8521,100.1311,100.7558,98.32437,99.59749,102.2842,99.51456,99.68562,101.5423,98.99574,95.30629,99.82751,98.97877,102.9542,,101.9477,99.28253,,98.39065,99.36483,100.883,97.33401,99.75201,98.50825,100.6045,100.6533,101.6579,98.42361,101.0872,100.6833,95.33323,101.2027,99.08679,95.4387,98.2682,101.0269,99.76387,100.7365,100.133,99.15393,98.93874,99.53308,99.94727,99.72201,,,,95.7645,
2020-05-31,100.2979,98.64622,100.3397,100.1307,100.5973,101.0846,98.72466,99.87199,102.6789,99.78023,100.0964,101.4261,99.39293,95.51251,100.1303,99.25331,102.8772,,101.9038,99.65026,,98.56429,99.54734,101.4295,97.55228,100.1509,98.98336,101.089,100.9506,101.9289,98.82593,101.3294,100.7952,96.08715,101.2937,99.53303,96.03802,98.9112,101.1369,100.0335,100.8522,100.4549,99.50794,99.29021,99.84742,100.2748,100.0645,,,,95.81795,
2020-06-30,100.2684,98.87946,100.4929,100.3777,100.975,101.3408,99.05393,100.159,102.9733,99.9127,100.4485,101.1558,99.73666,95.91168,100.3448,99.49085,102.729,,101.8469,99.96935,,98.69729,99.74844,101.8121,97.69417,100.4281,99.43848,101.4515,101.1573,102.0656,99.17393,101.4925,100.942,96.8386,101.3666,99.90719,96.62897,99.48969,101.0882,100.2319,100.8795,100.677,99.79439,99.59019,100.0978,100.5163,100.3193,,,,95.87463,
2020-07-31,100.2649,99.07678,100.5957,100.5951,101.2717,101.5169,99.33672,100.4341,103.1821,99.94106,100.7737,100.765,100.0461,96.46586,100.4811,99.6807,102.5439,,101.8833,100.2444,,98.78709,99.94492,102.043,97.81068,100.5746,99.87818,101.7063,101.2351,102.0981,99.43543,101.5854,101.1566,97.52523,101.4209,100.1605,97.20711,99.99986,100.9256,100.3604,100.8366,100.8254,100.0055,99.82395,100.2831,100.6844,100.5029,,,,95.94413,
